alpha,class_weight,eta0,l1_ratio,learning_rate,penalty,mean_best_f1
1e-05,,0.001,0.15,constant,l2,0.5753316364471452
1e-05,,0.001,0.15,constant,elasticnet,0.5753316364471452
1e-05,,0.001,0.15,optimal,l2,0.8504589330481969
1e-05,,0.001,0.15,optimal,elasticnet,0.8531914800617239
1e-05,,0.001,0.15,invscaling,l2,0.5345401232182463
1e-05,,0.001,0.15,invscaling,elasticnet,0.5345760374143385
1e-05,,0.001,0.15,adaptive,l2,0.5753316364471452
1e-05,,0.001,0.15,adaptive,elasticnet,0.5753316364471452
1e-05,,0.001,0.5,constant,l2,0.5753316364471452
1e-05,,0.001,0.5,constant,elasticnet,0.5753316364471452
1e-05,,0.001,0.5,optimal,l2,0.8504589330481969
1e-05,,0.001,0.5,optimal,elasticnet,0.8570689071749185
1e-05,,0.001,0.5,invscaling,l2,0.5345401232182463
1e-05,,0.001,0.5,invscaling,elasticnet,0.5343901861687039
1e-05,,0.001,0.5,adaptive,l2,0.5753316364471452
1e-05,,0.001,0.5,adaptive,elasticnet,0.5753316364471452
1e-05,,0.01,0.15,constant,l2,0.7155113691943427
1e-05,,0.01,0.15,constant,elasticnet,0.715640782998701
1e-05,,0.01,0.15,optimal,l2,0.8504589330481969
1e-05,,0.01,0.15,optimal,elasticnet,0.8531914800617239
1e-05,,0.01,0.15,invscaling,l2,0.5358391170687484
1e-05,,0.01,0.15,invscaling,elasticnet,0.5358391170687484
1e-05,,0.01,0.15,adaptive,l2,0.7155113691943427
1e-05,,0.01,0.15,adaptive,elasticnet,0.715640782998701
1e-05,,0.01,0.5,constant,l2,0.7155113691943427
1e-05,,0.01,0.5,constant,elasticnet,0.7157886446592009
1e-05,,0.01,0.5,optimal,l2,0.8504589330481969
1e-05,,0.01,0.5,optimal,elasticnet,0.8570689071749185
1e-05,,0.01,0.5,invscaling,l2,0.5358391170687484
1e-05,,0.01,0.5,invscaling,elasticnet,0.5357456853244669
1e-05,,0.01,0.5,adaptive,l2,0.7155113691943427
1e-05,,0.01,0.5,adaptive,elasticnet,0.7157886446592009
1e-05,,0.1,0.15,constant,l2,0.8116406981739454
1e-05,,0.1,0.15,constant,elasticnet,0.8122616739268226
1e-05,,0.1,0.15,optimal,l2,0.8504589330481969
1e-05,,0.1,0.15,optimal,elasticnet,0.8531914800617239
1e-05,,0.1,0.15,invscaling,l2,0.5569430174152655
1e-05,,0.1,0.15,invscaling,elasticnet,0.5569430174152655
1e-05,,0.1,0.15,adaptive,l2,0.8116406981739454
1e-05,,0.1,0.15,adaptive,elasticnet,0.8122616739268226
1e-05,,0.1,0.5,constant,l2,0.8116406981739454
1e-05,,0.1,0.5,constant,elasticnet,0.8133540917644767
1e-05,,0.1,0.5,optimal,l2,0.8504589330481969
1e-05,,0.1,0.5,optimal,elasticnet,0.8570689071749185
1e-05,,0.1,0.5,invscaling,l2,0.5569430174152655
1e-05,,0.1,0.5,invscaling,elasticnet,0.5566761579232713
1e-05,,0.1,0.5,adaptive,l2,0.8116406981739454
1e-05,,0.1,0.5,adaptive,elasticnet,0.8133540917644767
1e-05,balanced,0.001,0.15,constant,l2,0.7512476554902513
1e-05,balanced,0.001,0.15,constant,elasticnet,0.7513450099932413
1e-05,balanced,0.001,0.15,optimal,l2,0.8509259787571961
1e-05,balanced,0.001,0.15,optimal,elasticnet,0.8529640858451387
1e-05,balanced,0.001,0.15,invscaling,l2,0.7381286647574453
1e-05,balanced,0.001,0.15,invscaling,elasticnet,0.7381800643135384
1e-05,balanced,0.001,0.15,adaptive,l2,0.7512476554902513
1e-05,balanced,0.001,0.15,adaptive,elasticnet,0.7513450099932413
1e-05,balanced,0.001,0.5,constant,l2,0.7512476554902513
1e-05,balanced,0.001,0.5,constant,elasticnet,0.7515881298866878
1e-05,balanced,0.001,0.5,optimal,l2,0.8509259787571961
1e-05,balanced,0.001,0.5,optimal,elasticnet,0.856409539767886
1e-05,balanced,0.001,0.5,invscaling,l2,0.7381286647574453
1e-05,balanced,0.001,0.5,invscaling,elasticnet,0.7381796321307018
1e-05,balanced,0.001,0.5,adaptive,l2,0.7512476554902513
1e-05,balanced,0.001,0.5,adaptive,elasticnet,0.7515881298866878
1e-05,balanced,0.01,0.15,constant,l2,0.7701861359389923
1e-05,balanced,0.01,0.15,constant,elasticnet,0.7702816810374878
1e-05,balanced,0.01,0.15,optimal,l2,0.8509259787571961
1e-05,balanced,0.01,0.15,optimal,elasticnet,0.8529640858451387
1e-05,balanced,0.01,0.15,invscaling,l2,0.7404609631697643
1e-05,balanced,0.01,0.15,invscaling,elasticnet,0.7405100017359592
1e-05,balanced,0.01,0.15,adaptive,l2,0.7701861359389923
1e-05,balanced,0.01,0.15,adaptive,elasticnet,0.7702816810374878
1e-05,balanced,0.01,0.5,constant,l2,0.7701861359389923
1e-05,balanced,0.01,0.5,constant,elasticnet,0.7703296620054771
1e-05,balanced,0.01,0.5,optimal,l2,0.8509259787571961
1e-05,balanced,0.01,0.5,optimal,elasticnet,0.856409539767886
1e-05,balanced,0.01,0.5,invscaling,l2,0.7404609631697643
1e-05,balanced,0.01,0.5,invscaling,elasticnet,0.7404073601335688
1e-05,balanced,0.01,0.5,adaptive,l2,0.7701861359389923
1e-05,balanced,0.01,0.5,adaptive,elasticnet,0.7703296620054771
1e-05,balanced,0.1,0.15,constant,l2,0.815656311522465
1e-05,balanced,0.1,0.15,constant,elasticnet,0.815656692876181
1e-05,balanced,0.1,0.15,optimal,l2,0.8509259787571961
1e-05,balanced,0.1,0.15,optimal,elasticnet,0.8529640858451387
1e-05,balanced,0.1,0.15,invscaling,l2,0.7470617630488036
1e-05,balanced,0.1,0.15,invscaling,elasticnet,0.7470072584529976
1e-05,balanced,0.1,0.15,adaptive,l2,0.815656311522465
1e-05,balanced,0.1,0.15,adaptive,elasticnet,0.815656692876181
1e-05,balanced,0.1,0.5,constant,l2,0.815656311522465
1e-05,balanced,0.1,0.5,constant,elasticnet,0.816250310285654
1e-05,balanced,0.1,0.5,optimal,l2,0.8509259787571961
1e-05,balanced,0.1,0.5,optimal,elasticnet,0.856409539767886
1e-05,balanced,0.1,0.5,invscaling,l2,0.7470617630488036
1e-05,balanced,0.1,0.5,invscaling,elasticnet,0.7470107903466675
1e-05,balanced,0.1,0.5,adaptive,l2,0.815656311522465
1e-05,balanced,0.1,0.5,adaptive,elasticnet,0.816250310285654
0.0001,,0.001,0.15,constant,l2,0.5747253153818044
0.0001,,0.001,0.15,constant,elasticnet,0.5741156727928605
0.0001,,0.001,0.15,optimal,l2,0.7988276477037519
0.0001,,0.001,0.15,optimal,elasticnet,0.8053880407166055
0.0001,,0.001,0.15,invscaling,l2,0.5345401232182463
0.0001,,0.001,0.15,invscaling,elasticnet,0.5337408912720798
0.0001,,0.001,0.15,adaptive,l2,0.5747253153818044
0.0001,,0.001,0.15,adaptive,elasticnet,0.5741156727928605
0.0001,,0.001,0.5,constant,l2,0.5747253153818044
0.0001,,0.001,0.5,constant,elasticnet,0.573421656973036
0.0001,,0.001,0.5,optimal,l2,0.7988276477037519
0.0001,,0.001,0.5,optimal,elasticnet,0.8203809954825687
0.0001,,0.001,0.5,invscaling,l2,0.5345401232182463
0.0001,,0.001,0.5,invscaling,elasticnet,0.5323049786454279
0.0001,,0.001,0.5,adaptive,l2,0.5747253153818044
0.0001,,0.001,0.5,adaptive,elasticnet,0.573421656973036
0.0001,,0.01,0.15,constant,l2,0.7098300578413717
0.0001,,0.01,0.15,constant,elasticnet,0.7103801732752915
0.0001,,0.01,0.15,optimal,l2,0.7988276477037519
0.0001,,0.01,0.15,optimal,elasticnet,0.8053880407166055
0.0001,,0.01,0.15,invscaling,l2,0.5358391170687484
0.0001,,0.01,0.15,invscaling,elasticnet,0.5357628997589649
0.0001,,0.01,0.15,adaptive,l2,0.7098300578413717
0.0001,,0.01,0.15,adaptive,elasticnet,0.7103801732752915
0.0001,,0.01,0.5,constant,l2,0.7098300578413717
0.0001,,0.01,0.5,constant,elasticnet,0.7114447527738633
0.0001,,0.01,0.5,optimal,l2,0.7988276477037519
0.0001,,0.01,0.5,optimal,elasticnet,0.8203809954825687
0.0001,,0.01,0.5,invscaling,l2,0.5358391170687484
0.0001,,0.01,0.5,invscaling,elasticnet,0.5345760374143385
0.0001,,0.01,0.5,adaptive,l2,0.7098300578413717
0.0001,,0.01,0.5,adaptive,elasticnet,0.7114447527738633
0.0001,,0.1,0.15,constant,l2,0.7918624255549274
0.0001,,0.1,0.15,constant,elasticnet,0.7951331307924334
0.0001,,0.1,0.15,optimal,l2,0.7988276477037519
0.0001,,0.1,0.15,optimal,elasticnet,0.8053880407166055
0.0001,,0.1,0.15,invscaling,l2,0.5559990992508599
0.0001,,0.1,0.15,invscaling,elasticnet,0.5555019309258379
0.0001,,0.1,0.15,adaptive,l2,0.7918624255549274
0.0001,,0.1,0.15,adaptive,elasticnet,0.7951331307924334
0.0001,,0.1,0.5,constant,l2,0.7918624255549274
0.0001,,0.1,0.5,constant,elasticnet,0.8044956887317414
0.0001,,0.1,0.5,optimal,l2,0.7988276477037519
0.0001,,0.1,0.5,optimal,elasticnet,0.8203809954825687
0.0001,,0.1,0.5,invscaling,l2,0.5559990992508599
0.0001,,0.1,0.5,invscaling,elasticnet,0.5543700455920015
0.0001,,0.1,0.5,adaptive,l2,0.7918624255549274
0.0001,,0.1,0.5,adaptive,elasticnet,0.8044956887317414
0.0001,balanced,0.001,0.15,constant,l2,0.7512476554902513
0.0001,balanced,0.001,0.15,constant,elasticnet,0.7518792264784554
0.0001,balanced,0.001,0.15,optimal,l2,0.8117980788302848
0.0001,balanced,0.001,0.15,optimal,elasticnet,0.8146271294524079
0.0001,balanced,0.001,0.15,invscaling,l2,0.7381286647574453
0.0001,balanced,0.001,0.15,invscaling,elasticnet,0.7381274570844296
0.0001,balanced,0.001,0.15,adaptive,l2,0.7512476554902513
0.0001,balanced,0.001,0.15,adaptive,elasticnet,0.7518792264784554
0.0001,balanced,0.001,0.5,constant,l2,0.7512476554902513
0.0001,balanced,0.001,0.5,constant,elasticnet,0.7526939452493029
0.0001,balanced,0.001,0.5,optimal,l2,0.8117980788302848
0.0001,balanced,0.001,0.5,optimal,elasticnet,0.824592843884818
0.0001,balanced,0.001,0.5,invscaling,l2,0.7381286647574453
0.0001,balanced,0.001,0.5,invscaling,elasticnet,0.7386335369266165
0.0001,balanced,0.001,0.5,adaptive,l2,0.7512476554902513
0.0001,balanced,0.001,0.5,adaptive,elasticnet,0.7526939452493029
0.0001,balanced,0.01,0.15,constant,l2,0.7695802531746583
0.0001,balanced,0.01,0.15,constant,elasticnet,0.7700110316682723
0.0001,balanced,0.01,0.15,optimal,l2,0.8117980788302848
0.0001,balanced,0.01,0.15,optimal,elasticnet,0.8146271294524079
0.0001,balanced,0.01,0.15,invscaling,l2,0.7404609631697643
0.0001,balanced,0.01,0.15,invscaling,elasticnet,0.740558732988991
0.0001,balanced,0.01,0.15,adaptive,l2,0.7695802531746583
0.0001,balanced,0.01,0.15,adaptive,elasticnet,0.7700110316682723
0.0001,balanced,0.01,0.5,constant,l2,0.7695802531746583
0.0001,balanced,0.01,0.5,constant,elasticnet,0.7711454757479306
0.0001,balanced,0.01,0.5,optimal,l2,0.8117980788302848
0.0001,balanced,0.01,0.5,optimal,elasticnet,0.824592843884818
0.0001,balanced,0.01,0.5,invscaling,l2,0.7404609631697643
0.0001,balanced,0.01,0.5,invscaling,elasticnet,0.7414606776511259
0.0001,balanced,0.01,0.5,adaptive,l2,0.7695802531746583
0.0001,balanced,0.01,0.5,adaptive,elasticnet,0.7711454757479306
0.0001,balanced,0.1,0.15,constant,l2,0.8070145779516673
0.0001,balanced,0.1,0.15,constant,elasticnet,0.8087445207933163
0.0001,balanced,0.1,0.15,optimal,l2,0.8117980788302848
0.0001,balanced,0.1,0.15,optimal,elasticnet,0.8146271294524079
0.0001,balanced,0.1,0.15,invscaling,l2,0.7470579320837061
0.0001,balanced,0.1,0.15,invscaling,elasticnet,0.7475018853560966
0.0001,balanced,0.1,0.15,adaptive,l2,0.8070145779516673
0.0001,balanced,0.1,0.15,adaptive,elasticnet,0.8087445207933163
0.0001,balanced,0.1,0.5,constant,l2,0.8070145779516673
0.0001,balanced,0.1,0.5,constant,elasticnet,0.8124246612205512
0.0001,balanced,0.1,0.5,optimal,l2,0.8117980788302848
0.0001,balanced,0.1,0.5,optimal,elasticnet,0.824592843884818
0.0001,balanced,0.1,0.5,invscaling,l2,0.7470579320837061
0.0001,balanced,0.1,0.5,invscaling,elasticnet,0.7480996455018026
0.0001,balanced,0.1,0.5,adaptive,l2,0.8070145779516673
0.0001,balanced,0.1,0.5,adaptive,elasticnet,0.8124246612205512
0.001,,0.001,0.15,constant,l2,0.5654406736643377
0.001,,0.001,0.15,constant,elasticnet,0.5611637054444791
0.001,,0.001,0.15,optimal,l2,0.6537767748489837
0.001,,0.001,0.15,optimal,elasticnet,0.6646415284063664
0.001,,0.001,0.15,invscaling,l2,0.534447058006777
0.001,,0.001,0.15,invscaling,elasticnet,0.5277443823545572
0.001,,0.001,0.15,adaptive,l2,0.5654406736643377
0.001,,0.001,0.15,adaptive,elasticnet,0.5611637054444791
0.001,,0.001,0.5,constant,l2,0.5654406736643377
0.001,,0.001,0.5,constant,elasticnet,0.5473128302068238
0.001,,0.001,0.5,optimal,l2,0.6537767748489837
0.001,,0.001,0.5,optimal,elasticnet,0.6964171044222021
0.001,,0.001,0.5,invscaling,l2,0.534447058006777
0.001,,0.001,0.5,invscaling,elasticnet,0.5096717812400247
0.001,,0.001,0.5,adaptive,l2,0.5654406736643377
0.001,,0.001,0.5,adaptive,elasticnet,0.5473128302068238
0.001,,0.01,0.15,constant,l2,0.6469258102314921
0.001,,0.01,0.15,constant,elasticnet,0.6515529208878033
0.001,,0.01,0.15,optimal,l2,0.6537767748489837
0.001,,0.01,0.15,optimal,elasticnet,0.6646415284063664
0.001,,0.01,0.15,invscaling,l2,0.535633491023941
0.001,,0.01,0.15,invscaling,elasticnet,0.5292364593603576
0.001,,0.01,0.15,adaptive,l2,0.6469258102314921
0.001,,0.01,0.15,adaptive,elasticnet,0.6515529208878033
0.001,,0.01,0.5,constant,l2,0.6469258102314921
0.001,,0.01,0.5,constant,elasticnet,0.6625830289528674
0.001,,0.01,0.5,optimal,l2,0.6537767748489837
0.001,,0.01,0.5,optimal,elasticnet,0.6964171044222021
0.001,,0.01,0.5,invscaling,l2,0.535633491023941
0.001,,0.01,0.5,invscaling,elasticnet,0.5118602698876266
0.001,,0.01,0.5,adaptive,l2,0.6469258102314921
0.001,,0.01,0.5,adaptive,elasticnet,0.6625830289528674
0.001,,0.1,0.15,constant,l2,0.6555471641399633
0.001,,0.1,0.15,constant,elasticnet,0.6657963767528292
0.001,,0.1,0.15,optimal,l2,0.6537767748489837
0.001,,0.1,0.15,optimal,elasticnet,0.6646415284063664
0.001,,0.1,0.15,invscaling,l2,0.5508215073136307
0.001,,0.1,0.15,invscaling,elasticnet,0.5440073019654899
0.001,,0.1,0.15,adaptive,l2,0.6555471641399633
0.001,,0.1,0.15,adaptive,elasticnet,0.6657963767528292
0.001,,0.1,0.5,constant,l2,0.6555471641399633
0.001,,0.1,0.5,constant,elasticnet,0.69700667450102
0.001,,0.1,0.5,optimal,l2,0.6537767748489837
0.001,,0.1,0.5,optimal,elasticnet,0.6964171044222021
0.001,,0.1,0.5,invscaling,l2,0.5508215073136307
0.001,,0.1,0.5,invscaling,elasticnet,0.5291391515349775
0.001,,0.1,0.5,adaptive,l2,0.6555471641399633
0.001,,0.1,0.5,adaptive,elasticnet,0.69700667450102
0.001,balanced,0.001,0.15,constant,l2,0.7512791394201722
0.001,balanced,0.001,0.15,constant,elasticnet,0.7549028434733842
0.001,balanced,0.001,0.15,optimal,l2,0.7637748606540741
0.001,balanced,0.001,0.15,optimal,elasticnet,0.7679547791895095
0.001,balanced,0.001,0.15,invscaling,l2,0.7381286647574453
0.001,balanced,0.001,0.15,invscaling,elasticnet,0.7416162610572586
0.001,balanced,0.001,0.15,adaptive,l2,0.7512791394201722
0.001,balanced,0.001,0.15,adaptive,elasticnet,0.7549028434733842
0.001,balanced,0.001,0.5,constant,l2,0.7512791394201722
0.001,balanced,0.001,0.5,constant,elasticnet,0.7652538332673819
0.001,balanced,0.001,0.5,optimal,l2,0.7637748606540741
0.001,balanced,0.001,0.5,optimal,elasticnet,0.7809646450839899
0.001,balanced,0.001,0.5,invscaling,l2,0.7381286647574453
0.001,balanced,0.001,0.5,invscaling,elasticnet,0.7496632250040791
0.001,balanced,0.001,0.5,adaptive,l2,0.7512791394201722
0.001,balanced,0.001,0.5,adaptive,elasticnet,0.7652538332673819
0.001,balanced,0.01,0.15,constant,l2,0.7632230246885067
0.001,balanced,0.01,0.15,constant,elasticnet,0.7660532019354619
0.001,balanced,0.01,0.15,optimal,l2,0.7637748606540741
0.001,balanced,0.01,0.15,optimal,elasticnet,0.7679547791895095
0.001,balanced,0.01,0.15,invscaling,l2,0.7404609631697643
0.001,balanced,0.01,0.15,invscaling,elasticnet,0.7441058704118172
0.001,balanced,0.01,0.15,adaptive,l2,0.7632230246885067
0.001,balanced,0.01,0.15,adaptive,elasticnet,0.7660532019354619
0.001,balanced,0.01,0.5,constant,l2,0.7632230246885067
0.001,balanced,0.01,0.5,constant,elasticnet,0.7718332552773697
0.001,balanced,0.01,0.5,optimal,l2,0.7637748606540741
0.001,balanced,0.01,0.5,optimal,elasticnet,0.7809646450839899
0.001,balanced,0.01,0.5,invscaling,l2,0.7404609631697643
0.001,balanced,0.01,0.5,invscaling,elasticnet,0.7528663356827126
0.001,balanced,0.01,0.5,adaptive,l2,0.7632230246885067
0.001,balanced,0.01,0.5,adaptive,elasticnet,0.7718332552773697
0.001,balanced,0.1,0.15,constant,l2,0.7623082686572988
0.001,balanced,0.1,0.15,constant,elasticnet,0.7674779023242985
0.001,balanced,0.1,0.15,optimal,l2,0.7637748606540741
0.001,balanced,0.1,0.15,optimal,elasticnet,0.7679547791895095
0.001,balanced,0.1,0.15,invscaling,l2,0.7472530146598801
0.001,balanced,0.1,0.15,invscaling,elasticnet,0.7518145526319325
0.001,balanced,0.1,0.15,adaptive,l2,0.7623082686572988
0.001,balanced,0.1,0.15,adaptive,elasticnet,0.7674779023242985
0.001,balanced,0.1,0.5,constant,l2,0.7623082686572988
0.001,balanced,0.1,0.5,constant,elasticnet,0.7820707281257986
0.001,balanced,0.1,0.5,optimal,l2,0.7637748606540741
0.001,balanced,0.1,0.5,optimal,elasticnet,0.7809646450839899
0.001,balanced,0.1,0.5,invscaling,l2,0.7472530146598801
0.001,balanced,0.1,0.5,invscaling,elasticnet,0.7603636910552921
0.001,balanced,0.1,0.5,adaptive,l2,0.7623082686572988
0.001,balanced,0.1,0.5,adaptive,elasticnet,0.7820707281257986
0.01,,0.001,0.15,constant,l2,0.4497947064496793
0.01,,0.001,0.15,constant,elasticnet,0.39987319990281855
0.01,,0.001,0.15,optimal,l2,0.36754046005466146
0.01,,0.001,0.15,optimal,elasticnet,0.3610781303719251
0.01,,0.001,0.15,invscaling,l2,0.5339250947823593
0.01,,0.001,0.15,invscaling,elasticnet,0.4509434898637596
0.01,,0.001,0.15,adaptive,l2,0.4497947064496793
0.01,,0.001,0.15,adaptive,elasticnet,0.39987319990281855
0.01,,0.001,0.5,constant,l2,0.4497947064496793
0.01,,0.001,0.5,constant,elasticnet,0.35977818252155264
0.01,,0.001,0.5,optimal,l2,0.36754046005466146
0.01,,0.001,0.5,optimal,elasticnet,0.35977818252155264
0.01,,0.001,0.5,invscaling,l2,0.5339250947823593
0.01,,0.001,0.5,invscaling,elasticnet,0.35977818252155264
0.01,,0.001,0.5,adaptive,l2,0.4497947064496793
0.01,,0.001,0.5,adaptive,elasticnet,0.35977818252155264
0.01,,0.01,0.15,constant,l2,0.3638306126324077
0.01,,0.01,0.15,constant,elasticnet,0.36053384280340434
0.01,,0.01,0.15,optimal,l2,0.36754046005466146
0.01,,0.01,0.15,optimal,elasticnet,0.3610781303719251
0.01,,0.01,0.15,invscaling,l2,0.5291957561774316
0.01,,0.01,0.15,invscaling,elasticnet,0.44851885987252915
0.01,,0.01,0.15,adaptive,l2,0.3638306126324077
0.01,,0.01,0.15,adaptive,elasticnet,0.36053384280340434
0.01,,0.01,0.5,constant,l2,0.3638306126324077
0.01,,0.01,0.5,constant,elasticnet,0.35977818252155264
0.01,,0.01,0.5,optimal,l2,0.36754046005466146
0.01,,0.01,0.5,optimal,elasticnet,0.35977818252155264
0.01,,0.01,0.5,invscaling,l2,0.5291957561774316
0.01,,0.01,0.5,invscaling,elasticnet,0.35977818252155264
0.01,,0.01,0.5,adaptive,l2,0.3638306126324077
0.01,,0.01,0.5,adaptive,elasticnet,0.35977818252155264
0.01,,0.1,0.15,constant,l2,0.3649908202598022
0.01,,0.1,0.15,constant,elasticnet,0.36149548638862583
0.01,,0.1,0.15,optimal,l2,0.36754046005466146
0.01,,0.1,0.15,optimal,elasticnet,0.3610781303719251
0.01,,0.1,0.15,invscaling,l2,0.4895179860728285
0.01,,0.1,0.15,invscaling,elasticnet,0.4210692110705213
0.01,,0.1,0.15,adaptive,l2,0.3649908202598022
0.01,,0.1,0.15,adaptive,elasticnet,0.36149548638862583
0.01,,0.1,0.5,constant,l2,0.3649908202598022
0.01,,0.1,0.5,constant,elasticnet,0.35977818252155264
0.01,,0.1,0.5,optimal,l2,0.36754046005466146
0.01,,0.1,0.5,optimal,elasticnet,0.35977818252155264
0.01,,0.1,0.5,invscaling,l2,0.4895179860728285
0.01,,0.1,0.5,invscaling,elasticnet,0.35977818252155264
0.01,,0.1,0.5,adaptive,l2,0.3649908202598022
0.01,,0.1,0.5,adaptive,elasticnet,0.35977818252155264
0.01,balanced,0.001,0.15,constant,l2,0.7517202841317424
0.01,balanced,0.001,0.15,constant,elasticnet,0.7850390551636466
0.01,balanced,0.001,0.15,optimal,l2,0.7333846400355318
0.01,balanced,0.001,0.15,optimal,elasticnet,0.7276973200003989
0.01,balanced,0.001,0.15,invscaling,l2,0.7381286647574453
0.01,balanced,0.001,0.15,invscaling,elasticnet,0.7677122809668321
0.01,balanced,0.001,0.15,adaptive,l2,0.7517202841317424
0.01,balanced,0.001,0.15,adaptive,elasticnet,0.7850390551636466
0.01,balanced,0.001,0.5,constant,l2,0.7517202841317424
0.01,balanced,0.001,0.5,constant,elasticnet,0.8055635926017628
0.01,balanced,0.001,0.5,optimal,l2,0.7333846400355318
0.01,balanced,0.001,0.5,optimal,elasticnet,0.5832517524549699
0.01,balanced,0.001,0.5,invscaling,l2,0.7381286647574453
0.01,balanced,0.001,0.5,invscaling,elasticnet,0.7537268553213062
0.01,balanced,0.001,0.5,adaptive,l2,0.7517202841317424
0.01,balanced,0.001,0.5,adaptive,elasticnet,0.8055635926017628
0.01,balanced,0.01,0.15,constant,l2,0.7412774887456238
0.01,balanced,0.01,0.15,constant,elasticnet,0.7419500004176701
0.01,balanced,0.01,0.15,optimal,l2,0.7333846400355318
0.01,balanced,0.01,0.15,optimal,elasticnet,0.7276973200003989
0.01,balanced,0.01,0.15,invscaling,l2,0.7405531055832958
0.01,balanced,0.01,0.15,invscaling,elasticnet,0.7702391541012281
0.01,balanced,0.01,0.15,adaptive,l2,0.7412774887456238
0.01,balanced,0.01,0.15,adaptive,elasticnet,0.7419500004176701
0.01,balanced,0.01,0.5,constant,l2,0.7412774887456238
0.01,balanced,0.01,0.5,constant,elasticnet,0.7232384228710331
0.01,balanced,0.01,0.5,optimal,l2,0.7333846400355318
0.01,balanced,0.01,0.5,optimal,elasticnet,0.5832517524549699
0.01,balanced,0.01,0.5,invscaling,l2,0.7405531055832958
0.01,balanced,0.01,0.5,invscaling,elasticnet,0.7542506453532961
0.01,balanced,0.01,0.5,adaptive,l2,0.7412774887456238
0.01,balanced,0.01,0.5,adaptive,elasticnet,0.7232384228710331
0.01,balanced,0.1,0.15,constant,l2,0.7138731766446434
0.01,balanced,0.1,0.15,constant,elasticnet,0.7200900876199493
0.01,balanced,0.1,0.15,optimal,l2,0.7333846400355318
0.01,balanced,0.1,0.15,optimal,elasticnet,0.7276973200003989
0.01,balanced,0.1,0.15,invscaling,l2,0.7482968699240073
0.01,balanced,0.1,0.15,invscaling,elasticnet,0.7807974919427837
0.01,balanced,0.1,0.15,adaptive,l2,0.7138731766446434
0.01,balanced,0.1,0.15,adaptive,elasticnet,0.7200900876199493
0.01,balanced,0.1,0.5,constant,l2,0.7138731766446434
0.01,balanced,0.1,0.5,constant,elasticnet,0.7004647461553579
0.01,balanced,0.1,0.5,optimal,l2,0.7333846400355318
0.01,balanced,0.1,0.5,optimal,elasticnet,0.5832517524549699
0.01,balanced,0.1,0.5,invscaling,l2,0.7482968699240073
0.01,balanced,0.1,0.5,invscaling,elasticnet,0.779913609855901
0.01,balanced,0.1,0.5,adaptive,l2,0.7138731766446434
0.01,balanced,0.1,0.5,adaptive,elasticnet,0.7004647461553579
