vrai_label,probabilite_predite,classe_predite
1,0.475080281496048,0
0,0.5554533004760742,1
0,0.6324000954627991,1
1,0.4535005986690521,0
1,0.5249372720718384,1
0,0.44405367970466614,0
0,0.5071589946746826,1
1,0.5556827783584595,1
0,0.5467756986618042,1
1,0.44930359721183777,0
1,0.5450548529624939,1
0,0.4845331609249115,0
1,0.452540785074234,0
1,0.4323575794696808,0
0,0.5233376622200012,1
0,0.4604058265686035,0
0,0.6117811799049377,1
1,0.5892040729522705,1
1,0.5299708247184753,1
1,0.48679807782173157,0
0,0.4768432378768921,0
1,0.39761215448379517,0
1,0.5216809511184692,1
0,0.5537009239196777,1
0,0.6167659163475037,1
0,0.46836134791374207,0
0,0.5207473635673523,1
1,0.5206781625747681,1
0,0.44168660044670105,0
0,0.4919274151325226,0
1,0.5918259024620056,1
1,0.5518319606781006,1
0,0.5755143761634827,1
0,0.452654629945755,0
0,0.6007608771324158,1
1,0.4106670618057251,0
1,0.4439088702201843,0
0,0.509406566619873,1
0,0.5847905278205872,1
1,0.47627323865890503,0
0,0.5641502737998962,1
1,0.5407824516296387,1
1,0.4691121578216553,0
0,0.5522089004516602,1
0,0.6192672848701477,1
1,0.49035054445266724,0
0,0.5175793170928955,1
0,0.6107022166252136,1
0,0.4555000960826874,0
0,0.511565625667572,1
1,0.4107806086540222,0
1,0.516853928565979,1
0,0.5789623856544495,1
1,0.46756619215011597,0
1,0.5453602075576782,1
1,0.544028103351593,1
0,0.6421180963516235,1
0,0.5359936356544495,1
1,0.6317127346992493,1
0,0.5167306661605835,1
1,0.4847758412361145,0
1,0.6031447052955627,1
1,0.39188268780708313,0
0,0.4172065556049347,0
0,0.5408015847206116,1
1,0.4649866223335266,0
1,0.5013694763183594,1
0,0.49112963676452637,0
0,0.5468764305114746,1
1,0.4420461356639862,0
1,0.5258836150169373,1
1,0.5057379603385925,1
0,0.4781152606010437,0
1,0.5673035979270935,1
0,0.5756981372833252,1
0,0.5454074740409851,1
0,0.5697596073150635,1
0,0.45192331075668335,0
1,0.6315441727638245,1
1,0.46402016282081604,0
1,0.5738416910171509,1
1,0.4942667484283447,0
0,0.5857136845588684,1
1,0.40669336915016174,0
1,0.5241296887397766,1
1,0.49148184061050415,0
1,0.4096144735813141,0
0,0.6534212827682495,1
0,0.579621434211731,1
1,0.5507704615592957,1
0,0.43495702743530273,0
0,0.5559886693954468,1
1,0.5221691131591797,1
0,0.5367632508277893,1
0,0.5706710815429688,1
0,0.564810574054718,1
0,0.5017198324203491,1
0,0.5511811375617981,1
0,0.5642685890197754,1
1,0.5016550421714783,1
1,0.4891994893550873,0
0,0.3525267243385315,0
0,0.49970757961273193,0
1,0.5120710134506226,1
1,0.41637223958969116,0
1,0.5312328338623047,1
1,0.462632417678833,0
0,0.37956395745277405,0
0,0.4736003279685974,0
1,0.4889802038669586,0
1,0.48325657844543457,0
1,0.48690518736839294,0
0,0.3716333210468292,0
0,0.5251671075820923,1
1,0.5362818241119385,1
0,0.4979729950428009,0
0,0.4875158965587616,0
1,0.6622205376625061,1
0,0.46431028842926025,0
0,0.5864688158035278,1
1,0.5746150612831116,1
1,0.5269104838371277,1
0,0.49315106868743896,0
0,0.48289090394973755,0
0,0.5005414485931396,1
1,0.47559410333633423,0
0,0.6166650652885437,1
1,0.4169962406158447,0
1,0.4983591139316559,0
0,0.5155424475669861,1
1,0.5489450693130493,1
0,0.5108685493469238,1
1,0.587928295135498,1
1,0.4393361210823059,0
1,0.44311216473579407,0
1,0.5609017014503479,1
0,0.5770376920700073,1
1,0.5374886989593506,1
1,0.5005006194114685,1
1,0.600365161895752,1
0,0.5018126964569092,1
0,0.5618992447853088,1
0,0.492576003074646,0
1,0.534209132194519,1
1,0.5739614367485046,1
0,0.4530251622200012,0
0,0.5611515045166016,1
1,0.5529430508613586,1
0,0.49736449122428894,0
0,0.5706440806388855,1
0,0.698366641998291,1
1,0.4852329194545746,0
0,0.599004864692688,1
0,0.5359458923339844,1
1,0.3920955955982208,0
1,0.4748271107673645,0
0,0.6194887757301331,1
0,0.448231041431427,0
0,0.4938938319683075,0
1,0.48728659749031067,0
1,0.36059993505477905,0
1,0.5675691962242126,1
1,0.5242330431938171,1
0,0.5218712091445923,1
1,0.5962945222854614,1
1,0.49020522832870483,0
0,0.5089268684387207,1
0,0.556468665599823,1
1,0.5264667272567749,1
1,0.49501684308052063,0
0,0.5092662572860718,1
0,0.5446954965591431,1
0,0.5691052675247192,1
0,0.5956105589866638,1
0,0.5122892260551453,1
0,0.40405797958374023,0
0,0.5909738540649414,1
0,0.5166032910346985,1
1,0.5401981472969055,1
0,0.5064588189125061,1
0,0.5258232355117798,1
0,0.5573618412017822,1
1,0.4192020297050476,0
0,0.4986547827720642,0
1,0.551247775554657,1
1,0.539458155632019,1
0,0.5299687385559082,1
0,0.42184093594551086,0
1,0.5140185356140137,1
0,0.5160782337188721,1
0,0.6951698660850525,1
1,0.4899827539920807,0
0,0.48978379368782043,0
1,0.5460094809532166,1
0,0.4826558232307434,0
0,0.5370942950248718,1
0,0.45827987790107727,0
0,0.5429912805557251,1
1,0.5462062358856201,1
0,0.5473306179046631,1
0,0.3997851610183716,0
0,0.5229976773262024,1
0,0.5284304618835449,1
1,0.549042820930481,1
0,0.5204060673713684,1
0,0.5951725244522095,1
1,0.5636159181594849,1
1,0.6529842019081116,1
0,0.48909351229667664,0
0,0.5310109853744507,1
1,0.43825140595436096,0
1,0.6074895262718201,1
0,0.6609706878662109,1
0,0.41944605112075806,0
1,0.5450812578201294,1
0,0.581749677658081,1
0,0.548184335231781,1
1,0.5808658599853516,1
1,0.4603366255760193,0
0,0.5340909361839294,1
1,0.40965190529823303,0
1,0.5546789169311523,1
0,0.4454559087753296,0
0,0.5508378148078918,1
0,0.517768383026123,1
0,0.46037986874580383,0
1,0.4965919554233551,0
1,0.39888128638267517,0
0,0.5543994903564453,1
1,0.5189610123634338,1
1,0.5397992730140686,1
0,0.400066614151001,0
0,0.3950992524623871,0
1,0.5710113644599915,1
0,0.4750058650970459,0
1,0.3942112326622009,0
1,0.5335807800292969,1
0,0.6665802001953125,1
1,0.5028795599937439,1
1,0.4177757799625397,0
1,0.6117737889289856,1
1,0.4601684510707855,0
1,0.5002898573875427,1
0,0.5212553143501282,1
1,0.49563562870025635,0
0,0.49842604994773865,0
0,0.4914429783821106,0
1,0.5788807272911072,1
1,0.5092189908027649,1
1,0.46406057476997375,0
0,0.4687955379486084,0
0,0.4508041441440582,0
0,0.5614264011383057,1
0,0.4460466504096985,0
1,0.43838807940483093,0
0,0.46705785393714905,0
0,0.5631794929504395,1
1,0.5308470726013184,1
1,0.4798164665699005,0
0,0.5451927781105042,1
1,0.5326393842697144,1
1,0.5308431386947632,1
0,0.4759759306907654,0
0,0.6673123240470886,1
1,0.48826271295547485,0
1,0.46387767791748047,0
0,0.6017669439315796,1
0,0.4638056457042694,0
0,0.5419921875,1
0,0.5125178098678589,1
1,0.33206480741500854,0
1,0.554286003112793,1
0,0.653629720211029,1
0,0.5011445879936218,1
0,0.6577770709991455,1
1,0.43223708868026733,0
1,0.49281978607177734,0
0,0.6340283751487732,1
1,0.46184083819389343,0
1,0.4835677146911621,0
1,0.5132819414138794,1
0,0.5484445095062256,1
1,0.5252689123153687,1
0,0.5892119407653809,1
1,0.520670473575592,1
1,0.5317949652671814,1
0,0.5144851803779602,1
0,0.5135936141014099,1
1,0.5013902187347412,1
1,0.46255016326904297,0
1,0.4396032989025116,0
0,0.4174876809120178,0
0,0.6009190678596497,1
1,0.32962384819984436,0
1,0.5199052691459656,1
0,0.5244736075401306,1
0,0.5134390592575073,1
0,0.6054674386978149,1
0,0.6920643448829651,1
1,0.451001912355423,0
0,0.5118436813354492,1
0,0.4937383234500885,0
1,0.5827277898788452,1
0,0.5030020475387573,1
1,0.5544098019599915,1
0,0.5023816823959351,1
1,0.46486344933509827,0
1,0.5793460607528687,1
0,0.43271636962890625,0
0,0.41986438632011414,0
1,0.3990466594696045,0
0,0.5449084043502808,1
0,0.572313129901886,1
1,0.5047356486320496,1
1,0.5093846321105957,1
0,0.5073584914207458,1
1,0.4906788766384125,0
0,0.5910758972167969,1
0,0.5742884874343872,1
1,0.53901207447052,1
0,0.4502972960472107,0
0,0.5826725363731384,1
1,0.5394995212554932,1
0,0.5965319275856018,1
0,0.5825892090797424,1
1,0.4626154899597168,0
1,0.6301873922348022,1
1,0.6712616086006165,1
1,0.49881425499916077,0
0,0.5176050662994385,1
1,0.5747143626213074,1
0,0.4648815095424652,0
0,0.5650882720947266,1
0,0.5788795351982117,1
1,0.5234151482582092,1
1,0.5599231719970703,1
0,0.6085442900657654,1
0,0.4209611713886261,0
1,0.40031298995018005,0
1,0.4224928319454193,0
1,0.647101640701294,1
0,0.41926810145378113,0
1,0.4312306344509125,0
0,0.6007880568504333,1
0,0.5762064456939697,1
1,0.5192473530769348,1
0,0.42861902713775635,0
1,0.5012682676315308,1
0,0.5779383182525635,1
0,0.5163717865943909,1
1,0.4628720283508301,0
1,0.4524464011192322,0
0,0.5277400016784668,1
0,0.4655401408672333,0
0,0.6766836643218994,1
0,0.4877609610557556,0
0,0.495741605758667,0
0,0.4961605966091156,0
0,0.3977072834968567,0
0,0.5632870197296143,1
0,0.5567781329154968,1
0,0.542091965675354,1
0,0.5624312162399292,1
1,0.560467004776001,1
0,0.5527611374855042,1
1,0.5209212303161621,1
0,0.4035765528678894,0
1,0.4934801161289215,0
1,0.47916898131370544,0
0,0.6971122622489929,1
1,0.506227970123291,1
1,0.519565999507904,1
0,0.46327292919158936,0
0,0.4824574887752533,0
1,0.4449668824672699,0
1,0.4410179853439331,0
0,0.5819429755210876,1
0,0.5320874452590942,1
1,0.526672899723053,1
0,0.5522698760032654,1
0,0.5539859533309937,1
0,0.5894706845283508,1
1,0.4690253734588623,0
0,0.4993988573551178,0
1,0.5346754193305969,1
0,0.5085031390190125,1
1,0.40298664569854736,0
1,0.44223761558532715,0
0,0.4855714440345764,0
0,0.3987457752227783,0
0,0.531501054763794,1
0,0.46615344285964966,0
1,0.4644695222377777,0
1,0.38051939010620117,0
0,0.47384747862815857,0
0,0.5746513605117798,1
1,0.5375043749809265,1
1,0.5814160108566284,1
1,0.49030110239982605,0
1,0.5006495714187622,1
1,0.5100589394569397,1
1,0.5647058486938477,1
1,0.3411506116390228,0
0,0.513207197189331,1
0,0.45247882604599,0
0,0.5319471955299377,1
1,0.5303425788879395,1
1,0.37478703260421753,0
0,0.5865801572799683,1
1,0.6624290943145752,1
1,0.5862066745758057,1
0,0.4936321973800659,0
1,0.44210582971572876,0
0,0.4720879793167114,0
1,0.49013465642929077,0
1,0.48145660758018494,0
1,0.4701842665672302,0
1,0.4547892212867737,0
1,0.5544267296791077,1
0,0.5870954990386963,1
1,0.5984963774681091,1
1,0.5147429704666138,1
1,0.6325371265411377,1
1,0.5629074573516846,1
0,0.4682733714580536,0
0,0.5032680034637451,1
0,0.5242723822593689,1
1,0.43662720918655396,0
0,0.6015512347221375,1
1,0.49224522709846497,0
1,0.507099449634552,1
0,0.4723530411720276,0
0,0.6010182499885559,1
0,0.5303964018821716,1
1,0.5948465466499329,1
0,0.44045788049697876,0
1,0.46830829977989197,0
1,0.6265646815299988,1
1,0.5231245756149292,1
0,0.6479511857032776,1
1,0.43042972683906555,0
1,0.5241584181785583,1
1,0.4638884365558624,0
0,0.48613861203193665,0
0,0.655350387096405,1
0,0.4796812832355499,0
1,0.45725125074386597,0
1,0.5302722454071045,1
0,0.5950671434402466,1
0,0.5520974397659302,1
0,0.6193521022796631,1
0,0.430749773979187,0
0,0.48149996995925903,0
0,0.4477335214614868,0
0,0.5455801486968994,1
0,0.536903440952301,1
1,0.4386630654335022,0
0,0.5761675238609314,1
1,0.4187623858451843,0
0,0.5908910632133484,1
0,0.5211794972419739,1
1,0.47151461243629456,0
1,0.4878334105014801,0
0,0.5683955550193787,1
1,0.444694846868515,0
0,0.456028014421463,0
0,0.45898526906967163,0
1,0.47716477513313293,0
1,0.5098304748535156,1
1,0.4032428562641144,0
0,0.5432928204536438,1
0,0.6283813714981079,1
1,0.6275691390037537,1
0,0.5202037692070007,1
0,0.4198772609233856,0
0,0.5681185126304626,1
1,0.5548484921455383,1
0,0.5667028427124023,1
1,0.5098053812980652,1
1,0.44520458579063416,0
1,0.47599518299102783,0
1,0.5028232932090759,1
1,0.5948298573493958,1
0,0.46369320154190063,0
0,0.5477147102355957,1
0,0.5224387049674988,1
0,0.6330971121788025,1
1,0.5014854073524475,1
0,0.5801315307617188,1
1,0.49514153599739075,0
1,0.4882661998271942,0
1,0.4673630893230438,0
0,0.4750153720378876,0
0,0.597113847732544,1
0,0.489882230758667,0
1,0.4961787462234497,0
0,0.6195276975631714,1
0,0.4272860586643219,0
1,0.52511066198349,1
0,0.5143576860427856,1
1,0.4284176826477051,0
1,0.5880213379859924,1
1,0.6012243032455444,1
0,0.5303648710250854,1
0,0.5856261253356934,1
1,0.5007674098014832,1
0,0.5249748229980469,1
1,0.4776460528373718,0
1,0.4735713005065918,0
1,0.4286676049232483,0
0,0.529674768447876,1
0,0.6086363196372986,1
0,0.4780253767967224,0
1,0.621889591217041,1
1,0.46003732085227966,0
1,0.49318835139274597,0
0,0.6179880499839783,1
0,0.5989395380020142,1
0,0.46815022826194763,0
1,0.49235379695892334,0
1,0.3875109851360321,0
1,0.39979442954063416,0
0,0.5351859331130981,1
1,0.484769731760025,0
0,0.5969686508178711,1
0,0.6044480204582214,1
0,0.5759204030036926,1
1,0.5501432418823242,1
1,0.48434239625930786,0
1,0.5941446423530579,1
0,0.6026445627212524,1
0,0.5823447704315186,1
0,0.4766022562980652,0
0,0.37817350029945374,0
1,0.5537929534912109,1
0,0.40594932436943054,0
1,0.4814663827419281,0
1,0.517765998840332,1
1,0.5663720965385437,1
1,0.48949891328811646,0
0,0.5362057089805603,1
0,0.6151187419891357,1
0,0.568723738193512,1
1,0.5679134130477905,1
0,0.5587063431739807,1
0,0.5612547397613525,1
1,0.3860844373703003,0
0,0.6499273180961609,1
0,0.5831023454666138,1
0,0.5495593547821045,1
0,0.49111804366111755,0
0,0.6092861890792847,1
1,0.5334253907203674,1
0,0.5376913547515869,1
0,0.49753695726394653,0
0,0.6050455570220947,1
0,0.49843552708625793,0
0,0.4905306398868561,0
0,0.5346328020095825,1
0,0.6287795305252075,1
0,0.5642243027687073,1
0,0.4971488118171692,0
1,0.45054659247398376,0
0,0.5204018950462341,1
1,0.48088157176971436,0
0,0.42678695917129517,0
0,0.6413730382919312,1
1,0.5810074806213379,1
1,0.4202801287174225,0
1,0.576738178730011,1
1,0.5379492044448853,1
1,0.6070755124092102,1
0,0.49146702885627747,0
0,0.4840403199195862,0
0,0.5690265893936157,1
1,0.562346875667572,1
0,0.5756981372833252,1
0,0.5609676241874695,1
0,0.4746827781200409,0
0,0.5547968149185181,1
1,0.5191260576248169,1
0,0.3315313756465912,0
1,0.5149573683738708,1
0,0.5666096806526184,1
0,0.6885281801223755,1
0,0.5128355026245117,1
0,0.5118444561958313,1
0,0.5225844383239746,1
0,0.5748720169067383,1
1,0.3848359286785126,0
1,0.5113480687141418,1
0,0.5207562446594238,1
0,0.5670255422592163,1
0,0.5254167914390564,1
0,0.548129677772522,1
1,0.39942607283592224,0
1,0.4881526231765747,0
0,0.5619277954101562,1
0,0.4595380425453186,0
1,0.5276475548744202,1
0,0.40735116600990295,0
1,0.5456756949424744,1
1,0.44634440541267395,0
1,0.5657941102981567,1
0,0.5382157564163208,1
0,0.5562134981155396,1
0,0.38082388043403625,0
0,0.6015479564666748,1
1,0.521225094795227,1
0,0.4208309054374695,0
0,0.4159031808376312,0
1,0.49032291769981384,0
1,0.6189924478530884,1
0,0.5708235502243042,1
0,0.44469785690307617,0
1,0.5609524846076965,1
1,0.5581730604171753,1
1,0.42564263939857483,0
0,0.5308517813682556,1
1,0.452992707490921,0
1,0.5605615377426147,1
1,0.4498181939125061,0
0,0.5139724016189575,1
1,0.5274416208267212,1
1,0.41738080978393555,0
1,0.5401071906089783,1
0,0.47357606887817383,0
1,0.4966670572757721,0
0,0.5377107262611389,1
1,0.5248649716377258,1
0,0.543962299823761,1
1,0.558458149433136,1
1,0.3460787236690521,0
1,0.6137048602104187,1
1,0.6780796647071838,1
0,0.47548913955688477,0
1,0.3969801068305969,0
1,0.5442653894424438,1
0,0.4146619141101837,0
1,0.3520357012748718,0
0,0.6120770573616028,1
0,0.504445493221283,1
0,0.5142046809196472,1
0,0.572403073310852,1
1,0.4006485939025879,0
0,0.5715992450714111,1
0,0.5444080233573914,1
0,0.4128763973712921,0
0,0.5193610191345215,1
0,0.6438090801239014,1
1,0.4390014111995697,0
0,0.4582962989807129,0
1,0.5164290070533752,1
1,0.43999308347702026,0
0,0.5923272967338562,1
0,0.5248225927352905,1
0,0.566077709197998,1
1,0.5087954998016357,1
0,0.5339300632476807,1
1,0.4565487205982208,0
0,0.5962417125701904,1
0,0.5589181780815125,1
0,0.5896867513656616,1
1,0.5080477595329285,1
0,0.595527172088623,1
1,0.4211971163749695,0
0,0.5288829803466797,1
0,0.5604981184005737,1
0,0.5896098613739014,1
0,0.5317714810371399,1
1,0.5069977641105652,1
1,0.4744332432746887,0
0,0.45256197452545166,0
0,0.46180325746536255,0
1,0.4746588468551636,0
1,0.5680443048477173,1
1,0.5332280397415161,1
0,0.4105828106403351,0
0,0.6283172965049744,1
1,0.5360143184661865,1
0,0.5653088688850403,1
1,0.547962486743927,1
1,0.5537911057472229,1
0,0.5244295597076416,1
0,0.5416773557662964,1
1,0.5698860287666321,1
0,0.5194026827812195,1
0,0.5147479176521301,1
0,0.5263775587081909,1
1,0.45106327533721924,0
0,0.5836622714996338,1
1,0.5443199872970581,1
1,0.4932270348072052,0
0,0.4998154044151306,0
1,0.4920283257961273,0
0,0.5508980751037598,1
1,0.5079887509346008,1
1,0.463108628988266,0
0,0.5789839029312134,1
1,0.49246835708618164,0
0,0.38151344656944275,0
0,0.6166093945503235,1
0,0.6001496911048889,1
1,0.5131250023841858,1
1,0.4712839126586914,0
1,0.46386271715164185,0
1,0.6175660490989685,1
1,0.5834316611289978,1
0,0.46545863151550293,0
0,0.45198532938957214,0
1,0.39571279287338257,0
0,0.5434435606002808,1
1,0.5446935296058655,1
1,0.43862229585647583,0
0,0.5011260509490967,1
1,0.4020022451877594,0
1,0.5121273994445801,1
0,0.614962637424469,1
0,0.4899868369102478,0
1,0.49856036901474,0
0,0.5640302896499634,1
1,0.5186232328414917,1
0,0.4861236810684204,0
0,0.6183309555053711,1
1,0.4868064522743225,0
0,0.6115756630897522,1
1,0.5286495089530945,1
0,0.5754284858703613,1
1,0.42743736505508423,0
0,0.5857461094856262,1
0,0.5479024052619934,1
1,0.41295936703681946,0
1,0.35583335161209106,0
0,0.40282905101776123,0
1,0.5728438496589661,1
0,0.6388668417930603,1
1,0.6222281455993652,1
0,0.6402611136436462,1
0,0.596677839756012,1
1,0.5349417924880981,1
0,0.719983696937561,1
0,0.539604127407074,1
0,0.44138404726982117,0
0,0.5464802980422974,1
0,0.45918506383895874,0
0,0.4506229758262634,0
1,0.5609273314476013,1
1,0.4343569874763489,0
0,0.5344021320343018,1
1,0.47280004620552063,0
1,0.4609551727771759,0
1,0.5692271590232849,1
1,0.4795728325843811,0
0,0.5550049543380737,1
1,0.4270811080932617,0
1,0.5947452187538147,1
1,0.5393110513687134,1
0,0.5699297785758972,1
1,0.5000157952308655,1
1,0.549358069896698,1
0,0.5482433438301086,1
0,0.6536666750907898,1
1,0.5463957190513611,1
0,0.47532954812049866,0
0,0.5978008508682251,1
1,0.5649643540382385,1
1,0.5446845889091492,1
0,0.42179128527641296,0
1,0.43858543038368225,0
0,0.4009280800819397,0
0,0.5093455910682678,1
1,0.5391160249710083,1
0,0.6004335284233093,1
0,0.6005675792694092,1
0,0.5401700735092163,1
0,0.4143035113811493,0
1,0.4668957591056824,0
1,0.6018948554992676,1
0,0.5876874327659607,1
0,0.4753180742263794,0
1,0.5358139872550964,1
1,0.5518134236335754,1
1,0.49035605788230896,0
1,0.4598824977874756,0
1,0.3576277494430542,0
1,0.4172070622444153,0
1,0.4897823631763458,0
0,0.5993680953979492,1
1,0.5348001718521118,1
0,0.5754029154777527,1
1,0.4479124844074249,0
1,0.6085970997810364,1
0,0.5098028779029846,1
0,0.5182022452354431,1
0,0.4904506206512451,0
1,0.5187802910804749,1
0,0.5338146686553955,1
0,0.5964651107788086,1
1,0.6477442383766174,1
1,0.6447060108184814,1
1,0.5246362090110779,1
0,0.5591418147087097,1
1,0.5317021608352661,1
1,0.5645180344581604,1
0,0.6034578084945679,1
1,0.5697823166847229,1
1,0.5507267117500305,1
1,0.5238029360771179,1
1,0.4611402153968811,0
1,0.6356678009033203,1
1,0.5603951811790466,1
1,0.4634716510772705,0
0,0.5504994988441467,1
0,0.5502347946166992,1
0,0.4605100750923157,0
0,0.3990355432033539,0
1,0.5108925104141235,1
0,0.569599986076355,1
0,0.4783886671066284,0
0,0.5833131074905396,1
1,0.3429049551486969,0
0,0.6188718676567078,1
0,0.5055959224700928,1
0,0.47694721817970276,0
0,0.48610377311706543,0
0,0.5753013491630554,1
1,0.5896236300468445,1
0,0.5863715410232544,1
0,0.4130024313926697,0
1,0.48454543948173523,0
1,0.36594676971435547,0
1,0.5261243581771851,1
1,0.43345147371292114,0
0,0.3959674537181854,0
1,0.6105716824531555,1
1,0.5912664532661438,1
1,0.4911227226257324,0
0,0.4583406150341034,0
0,0.5690779685974121,1
1,0.5112597346305847,1
0,0.5356924533843994,1
0,0.49250712990760803,0
1,0.5046209692955017,1
0,0.49195927381515503,0
0,0.5402628183364868,1
0,0.627759575843811,1
1,0.4736360013484955,0
1,0.5246825218200684,1
0,0.6569185853004456,1
0,0.45596131682395935,0
1,0.6287328004837036,1
1,0.42792993783950806,0
0,0.5058999061584473,1
0,0.3870803415775299,0
1,0.5345407724380493,1
0,0.4035421907901764,0
1,0.46932801604270935,0
0,0.5540646910667419,1
1,0.5319040417671204,1
0,0.5164711475372314,1
0,0.47665151953697205,0
1,0.48108187317848206,0
1,0.5441137552261353,1
1,0.4235667586326599,0
0,0.4775545597076416,0
1,0.5548086762428284,1
0,0.4238213896751404,0
1,0.470407634973526,0
0,0.5647164583206177,1
0,0.605124831199646,1
0,0.4896599054336548,0
1,0.5438612103462219,1
1,0.5141285061836243,1
1,0.4808448851108551,0
1,0.40741875767707825,0
0,0.6282241344451904,1
1,0.49645352363586426,0
1,0.49935659766197205,0
0,0.5946508646011353,1
1,0.4058440327644348,0
0,0.577802300453186,1
0,0.554736852645874,1
0,0.6424906849861145,1
0,0.48044782876968384,0
1,0.5147336721420288,1
0,0.5179051160812378,1
1,0.45839011669158936,0
0,0.5465523600578308,1
1,0.542041003704071,1
1,0.5247370004653931,1
1,0.379048615694046,0
0,0.5751185417175293,1
1,0.5626355409622192,1
1,0.6685307621955872,1
0,0.626715362071991,1
1,0.6857471466064453,1
0,0.5669720768928528,1
1,0.5851883888244629,1
1,0.5957862138748169,1
0,0.530767560005188,1
1,0.5797874927520752,1
1,0.48738786578178406,0
0,0.4040600657463074,0
1,0.6100849509239197,1
0,0.424970805644989,0
1,0.45670703053474426,0
1,0.39592474699020386,0
0,0.46614184975624084,0
0,0.48509231209754944,0
0,0.5496137738227844,1
0,0.4628937244415283,0
0,0.5818939805030823,1
1,0.5230929255485535,1
0,0.5763745307922363,1
0,0.4584267735481262,0
0,0.5230255126953125,1
1,0.5348854660987854,1
1,0.5611593723297119,1
0,0.5893409848213196,1
1,0.5719504952430725,1
1,0.5106868743896484,1
0,0.5294924974441528,1
0,0.48926645517349243,0
1,0.5107339024543762,1
0,0.6557292342185974,1
0,0.47055381536483765,0
0,0.5517013072967529,1
0,0.5033726096153259,1
0,0.4711610674858093,0
0,0.5191797018051147,1
1,0.47609788179397583,0
0,0.3986339271068573,0
1,0.47137248516082764,0
0,0.5168820023536682,1
0,0.5656230449676514,1
1,0.5009136199951172,1
0,0.526657223701477,1
0,0.5984116792678833,1
1,0.5705534815788269,1
1,0.5613750219345093,1
0,0.6108918190002441,1
1,0.592359721660614,1
1,0.6284828186035156,1
1,0.4960702359676361,0
1,0.584238588809967,1
1,0.5232387781143188,1
0,0.5577782392501831,1
1,0.5055006742477417,1
1,0.5697944760322571,1
0,0.516158938407898,1
1,0.5087770819664001,1
0,0.5580040812492371,1
1,0.5286368727684021,1
1,0.4764929711818695,0
0,0.5831863284111023,1
1,0.5851635932922363,1
1,0.6088955402374268,1
1,0.49697014689445496,0
0,0.48815101385116577,0
1,0.5857328176498413,1
0,0.6264199614524841,1
1,0.4239187240600586,0
1,0.5509725213050842,1
0,0.5580207705497742,1
0,0.40321555733680725,0
0,0.6022436022758484,1
0,0.5238440632820129,1
1,0.5500169396400452,1
0,0.5080419778823853,1
0,0.536841094493866,1
0,0.6009067893028259,1
1,0.5393256545066833,1
1,0.4825995862483978,0
1,0.654043436050415,1
0,0.5262280702590942,1
0,0.5895224809646606,1
1,0.547615647315979,1
0,0.518901526927948,1
1,0.38733136653900146,0
1,0.5777583718299866,1
0,0.6412837505340576,1
0,0.545298159122467,1
1,0.5658555626869202,1
1,0.40933626890182495,0
1,0.48413366079330444,0
0,0.48788973689079285,0
1,0.4741339087486267,0
1,0.5263885259628296,1
0,0.5852388143539429,1
1,0.5753222107887268,1
1,0.5570385456085205,1
0,0.5303579568862915,1
0,0.5850600004196167,1
1,0.45601576566696167,0
0,0.6013913154602051,1
0,0.544960618019104,1
1,0.5579665303230286,1
0,0.4924768805503845,0
1,0.564559817314148,1
0,0.47485455870628357,0
1,0.4856020212173462,0
0,0.5355293154716492,1
0,0.48398807644844055,0
0,0.5019863247871399,1
0,0.5282173156738281,1
0,0.5486796498298645,1
1,0.36159998178482056,0
0,0.5467538237571716,1
1,0.4763059616088867,0
1,0.5216479301452637,1
0,0.5438284873962402,1
0,0.5212114453315735,1
0,0.5403447151184082,1
1,0.4738960266113281,0
0,0.531028687953949,1
0,0.5757036209106445,1
0,0.5410037040710449,1
0,0.5342251062393188,1
0,0.5501307845115662,1
1,0.47254422307014465,0
0,0.5237518548965454,1
0,0.6063054800033569,1
0,0.6156125068664551,1
0,0.5388821959495544,1
1,0.5858176946640015,1
1,0.5565151572227478,1
1,0.41120749711990356,0
0,0.6015018820762634,1
0,0.5646387338638306,1
0,0.4830828309059143,0
1,0.5529869794845581,1
0,0.5538117289543152,1
0,0.5254589319229126,1
0,0.4488016963005066,0
1,0.493137389421463,0
1,0.5885867476463318,1
1,0.4893338680267334,0
1,0.5274893045425415,1
0,0.5986334085464478,1
0,0.5350883603096008,1
1,0.5889386534690857,1
1,0.5408867597579956,1
0,0.579396665096283,1
0,0.6320719122886658,1
1,0.5227545499801636,1
1,0.5835838317871094,1
1,0.42844080924987793,0
0,0.4949623644351959,0
0,0.4976241886615753,0
0,0.5819982886314392,1
1,0.5617008209228516,1
0,0.6596809029579163,1
0,0.5000343322753906,1
0,0.520926296710968,1
0,0.41991880536079407,0
1,0.5365582704544067,1
0,0.3667646050453186,0
0,0.5213178396224976,1
0,0.5749075412750244,1
0,0.5491278767585754,1
1,0.5423299670219421,1
1,0.5321130752563477,1
1,0.5314617156982422,1
0,0.5257532596588135,1
1,0.4392845928668976,0
1,0.4832862615585327,0
0,0.6372851133346558,1
1,0.48345059156417847,0
0,0.5789141058921814,1
1,0.4646676480770111,0
0,0.5292441248893738,1
0,0.4921196699142456,0
0,0.5133473873138428,1
1,0.5530999302864075,1
0,0.5993738770484924,1
0,0.5572574138641357,1
0,0.583171010017395,1
0,0.5033274292945862,1
0,0.6816356778144836,1
0,0.44136133790016174,0
0,0.5111731290817261,1
1,0.549346387386322,1
0,0.612358033657074,1
0,0.5842916369438171,1
1,0.5204542279243469,1
0,0.577474057674408,1
0,0.5604500770568848,1
0,0.5350419878959656,1
1,0.5463894009590149,1
0,0.5044254064559937,1
0,0.590428352355957,1
0,0.5189807415008545,1
0,0.5119389295578003,1
0,0.5383092164993286,1
1,0.4353437125682831,0
1,0.4908325970172882,0
0,0.641893744468689,1
0,0.6401050686836243,1
0,0.4956832230091095,0
0,0.5389860272407532,1
1,0.5944050550460815,1
1,0.4697142243385315,0
0,0.5793227553367615,1
0,0.6189398169517517,1
1,0.5179254412651062,1
0,0.518493115901947,1
0,0.574591875076294,1
1,0.5707294940948486,1
0,0.4285617768764496,0
1,0.5296865105628967,1
1,0.4918175935745239,0
1,0.38931140303611755,0
0,0.5896445512771606,1
0,0.4607270658016205,0
1,0.4484800100326538,0
0,0.5274399518966675,1
1,0.4088098108768463,0
1,0.5763271450996399,1
0,0.5795186758041382,1
1,0.3725429177284241,0
1,0.46101412177085876,0
0,0.4560433030128479,0
0,0.6043879985809326,1
1,0.46134281158447266,0
0,0.6006925702095032,1
1,0.4887632131576538,0
0,0.5594233870506287,1
1,0.5467492938041687,1
0,0.43693819642066956,0
1,0.4948367476463318,0
1,0.4536185562610626,0
1,0.5301538705825806,1
1,0.5366982817649841,1
0,0.6013147830963135,1
1,0.5657071471214294,1
1,0.46191829442977905,0
1,0.4107119143009186,0
1,0.464141845703125,0
0,0.5556992292404175,1
0,0.4713612496852875,0
1,0.4632391631603241,0
1,0.6178039312362671,1
1,0.5765961408615112,1
0,0.5722540616989136,1
1,0.5525597929954529,1
1,0.5144273638725281,1
0,0.46345004439353943,0
0,0.5145753622055054,1
0,0.5249197483062744,1
1,0.4023967683315277,0
1,0.581494927406311,1
0,0.5095579028129578,1
1,0.6362718343734741,1
0,0.6257376074790955,1
1,0.5471063852310181,1
0,0.5685550570487976,1
0,0.5767073631286621,1
0,0.5422461628913879,1
0,0.4511326551437378,0
1,0.5983332991600037,1
0,0.4602753818035126,0
0,0.5620964169502258,1
1,0.5710735321044922,1
0,0.57103031873703,1
0,0.5122708082199097,1
0,0.5483869910240173,1
1,0.5485987067222595,1
1,0.5850453972816467,1
0,0.4492250978946686,0
0,0.41689521074295044,0
1,0.526617705821991,1
1,0.4941452145576477,0
0,0.4946126937866211,0
1,0.5351114869117737,1
0,0.6573232412338257,1
0,0.6101800799369812,1
1,0.6318730115890503,1
0,0.6175351738929749,1
1,0.6052923202514648,1
0,0.4356248676776886,0
0,0.5187877416610718,1
1,0.5461684465408325,1
0,0.5367975234985352,1
0,0.5187215805053711,1
0,0.6256489753723145,1
0,0.5497654676437378,1
0,0.5831478834152222,1
0,0.48491039872169495,0
0,0.5077106952667236,1
0,0.5232675075531006,1
1,0.493338406085968,0
1,0.5213112831115723,1
0,0.45140740275382996,0
0,0.55931556224823,1
0,0.5017739534378052,1
1,0.5140678882598877,1
1,0.496158242225647,0
0,0.5100332498550415,1
0,0.5500549077987671,1
1,0.5932164788246155,1
1,0.5887477397918701,1
0,0.49618470668792725,0
0,0.5804404616355896,1
0,0.4880790114402771,0
1,0.6069637537002563,1
1,0.456972599029541,0
1,0.5734145045280457,1
0,0.5335912704467773,1
1,0.5895129442214966,1
1,0.4896004796028137,0
0,0.5027473568916321,1
0,0.44491034746170044,0
0,0.44792982935905457,0
0,0.46612849831581116,0
1,0.5795050263404846,1
0,0.5570743083953857,1
0,0.5815024375915527,1
1,0.4143337309360504,0
0,0.5173555016517639,1
1,0.47884926199913025,0
0,0.43876034021377563,0
0,0.6146130561828613,1
1,0.4475187063217163,0
0,0.5179436802864075,1
0,0.5832468867301941,1
0,0.5469199419021606,1
0,0.5750426054000854,1
0,0.5730605125427246,1
0,0.5622904896736145,1
0,0.5034489035606384,1
0,0.5609710216522217,1
1,0.5626406669616699,1
0,0.5348597764968872,1
1,0.5709910988807678,1
1,0.5237129926681519,1
0,0.5655797123908997,1
1,0.425070583820343,0
0,0.5792840123176575,1
0,0.473991334438324,0
0,0.600399374961853,1
1,0.5375753045082092,1
1,0.4853549897670746,0
0,0.5314609408378601,1
1,0.46949708461761475,0
0,0.5290513634681702,1
0,0.5575469732284546,1
1,0.6066135168075562,1
1,0.5435123443603516,1
1,0.4003525376319885,0
0,0.597993016242981,1
0,0.4858279228210449,0
0,0.5677066445350647,1
0,0.4473945200443268,0
0,0.6243069171905518,1
0,0.6067348718643188,1
0,0.5271954536437988,1
1,0.5171900987625122,1
0,0.5264999866485596,1
1,0.5294119715690613,1
0,0.5318474769592285,1
1,0.5849387049674988,1
0,0.5893652439117432,1
0,0.5327746868133545,1
1,0.5251280665397644,1
1,0.46151578426361084,0
0,0.5931892991065979,1
0,0.4909314513206482,0
0,0.5237963795661926,1
1,0.50119549036026,1
0,0.48765912652015686,0
1,0.4695969521999359,0
0,0.4366656541824341,0
0,0.5426099300384521,1
0,0.6014211773872375,1
1,0.4389999210834503,0
1,0.4345635175704956,0
0,0.5604280829429626,1
1,0.4011424481868744,0
0,0.5998156666755676,1
0,0.3619782030582428,0
0,0.5128797292709351,1
1,0.41814810037612915,0
0,0.6082653999328613,1
1,0.40901267528533936,0
1,0.48586076498031616,0
0,0.6287957429885864,1
1,0.43059077858924866,0
1,0.5328584313392639,1
0,0.6220880746841431,1
0,0.6057586073875427,1
1,0.40687528252601624,0
0,0.4190150201320648,0
1,0.4512183964252472,0
1,0.42766818404197693,0
0,0.48173069953918457,0
0,0.5469388365745544,1
0,0.5683324933052063,1
0,0.46138429641723633,0
1,0.6097981333732605,1
0,0.4821019172668457,0
1,0.5394777059555054,1
0,0.5630753636360168,1
0,0.5386088490486145,1
1,0.5915645956993103,1
1,0.6089555621147156,1
0,0.5752977728843689,1
1,0.5471709370613098,1
0,0.5196978449821472,1
1,0.5657358765602112,1
1,0.6314569711685181,1
1,0.5402757525444031,1
1,0.4705996811389923,0
1,0.6152791976928711,1
0,0.5946811437606812,1
0,0.5416468381881714,1
1,0.5097281336784363,1
0,0.5204138159751892,1
0,0.5899485945701599,1
0,0.5050528645515442,1
1,0.5280321836471558,1
1,0.4658243656158447,0
0,0.5725648999214172,1
1,0.5400522351264954,1
0,0.5505982637405396,1
1,0.5693474411964417,1
0,0.5800729393959045,1
1,0.6149188280105591,1
0,0.5695875883102417,1
0,0.4476903975009918,0
0,0.5061363577842712,1
1,0.5458406805992126,1
1,0.5881972312927246,1
0,0.6345335245132446,1
0,0.5151872038841248,1
0,0.5268855690956116,1
1,0.5762998461723328,1
1,0.44862258434295654,0
1,0.5012181997299194,1
1,0.4933445155620575,0
1,0.5883271098136902,1
0,0.5075941681861877,1
1,0.5117757320404053,1
1,0.65390545129776,1
0,0.5733633637428284,1
1,0.49067777395248413,0
0,0.46059176325798035,0
0,0.48836782574653625,0
1,0.5368456840515137,1
1,0.4571521282196045,0
0,0.5589628219604492,1
1,0.4989539086818695,0
0,0.5299698114395142,1
0,0.6122617721557617,1
0,0.48908311128616333,0
0,0.4956812262535095,0
1,0.4746762812137604,0
1,0.5162710547447205,1
0,0.5044777989387512,1
1,0.46413883566856384,0
1,0.5318723917007446,1
0,0.6113960146903992,1
0,0.5134631991386414,1
0,0.5204759836196899,1
0,0.5313915610313416,1
0,0.46176591515541077,0
0,0.4638756811618805,0
0,0.5937288403511047,1
0,0.5089852213859558,1
1,0.4676976203918457,0
1,0.5409886837005615,1
0,0.503454864025116,1
1,0.468669056892395,0
1,0.43426623940467834,0
0,0.5933855772018433,1
1,0.546947717666626,1
1,0.3880992531776428,0
0,0.4423143267631531,0
0,0.5754027366638184,1
1,0.5043481588363647,1
0,0.6531916856765747,1
0,0.4074400067329407,0
0,0.5303006172180176,1
1,0.4018752872943878,0
1,0.5009554028511047,1
1,0.5686020851135254,1
0,0.4652601480484009,0
1,0.5468839406967163,1
0,0.573097825050354,1
0,0.4842367470264435,0
0,0.5021942257881165,1
0,0.5125719308853149,1
1,0.5770354866981506,1
0,0.43614867329597473,0
1,0.4676285684108734,0
0,0.546232283115387,1
1,0.5604788064956665,1
1,0.4738844335079193,0
0,0.5115059018135071,1
0,0.5809537768363953,1
1,0.6153373122215271,1
1,0.49523890018463135,0
0,0.4648423492908478,0
1,0.44977331161499023,0
0,0.6109297871589661,1
1,0.5676919221878052,1
0,0.4956175982952118,0
1,0.5500239133834839,1
0,0.5496963858604431,1
0,0.5306496024131775,1
1,0.48132550716400146,0
1,0.5008671879768372,1
0,0.5856468677520752,1
1,0.5150446891784668,1
0,0.628422737121582,1
0,0.6479728817939758,1
1,0.5197209119796753,1
1,0.44050243496894836,0
0,0.5688353180885315,1
1,0.508948028087616,1
0,0.6741212606430054,1
0,0.5390504598617554,1
1,0.6410821080207825,1
0,0.5928504467010498,1
0,0.5755921602249146,1
1,0.4856621026992798,0
0,0.5419690012931824,1
1,0.5723790526390076,1
0,0.4768484830856323,0
1,0.47570469975471497,0
1,0.5286356210708618,1
1,0.4437483549118042,0
0,0.5221563577651978,1
1,0.5254282355308533,1
0,0.5291143655776978,1
0,0.5105693936347961,1
1,0.5630415678024292,1
0,0.5414825081825256,1
1,0.5688109397888184,1
0,0.6010887026786804,1
0,0.4822113811969757,0
0,0.5854772329330444,1
1,0.4292943775653839,0
0,0.38083627820014954,0
0,0.4534119963645935,0
0,0.6561041474342346,1
0,0.38779759407043457,0
0,0.5138222575187683,1
1,0.4682859778404236,0
1,0.49304336309432983,0
1,0.38884562253952026,0
0,0.4663359522819519,0
0,0.4720972180366516,0
0,0.4383745491504669,0
1,0.4416646659374237,0
0,0.4976519048213959,0
1,0.5283914804458618,1
1,0.6326866745948792,1
0,0.41470101475715637,0
1,0.5673362016677856,1
0,0.4532865881919861,0
0,0.5903560519218445,1
1,0.5192517042160034,1
0,0.6493057608604431,1
1,0.4928157925605774,0
1,0.5147961378097534,1
1,0.5008032321929932,1
1,0.593482255935669,1
1,0.5149149894714355,1
1,0.41791248321533203,0
0,0.5882921814918518,1
0,0.5676910281181335,1
0,0.5999729633331299,1
1,0.4423809051513672,0
0,0.5895640254020691,1
0,0.4327303171157837,0
0,0.4719446301460266,0
1,0.4284060001373291,0
0,0.42983484268188477,0
1,0.6003079414367676,1
0,0.6112889051437378,1
0,0.4377550780773163,0
1,0.5501060485839844,1
1,0.46602627635002136,0
1,0.4650106728076935,0
0,0.5274944305419922,1
0,0.4829825162887573,0
0,0.5326719284057617,1
1,0.4564753770828247,0
1,0.43719300627708435,0
1,0.49028483033180237,0
0,0.5042335987091064,1
1,0.5650392174720764,1
0,0.42842724919319153,0
1,0.5747405290603638,1
0,0.44964003562927246,0
0,0.3801180124282837,0
1,0.5130521059036255,1
1,0.4843292832374573,0
1,0.47626999020576477,0
0,0.5874873399734497,1
1,0.4454689621925354,0
0,0.6182986497879028,1
0,0.5651705861091614,1
1,0.5167232155799866,1
0,0.49033358693122864,0
0,0.6629742383956909,1
0,0.6899669766426086,1
0,0.4900814890861511,0
0,0.5104607939720154,1
0,0.6319301128387451,1
0,0.6007891297340393,1
1,0.5898672938346863,1
1,0.37458133697509766,0
0,0.5804373025894165,1
0,0.5301564931869507,1
1,0.5424470901489258,1
1,0.5656285881996155,1
0,0.5588855147361755,1
0,0.5648592710494995,1
0,0.5438103675842285,1
1,0.4552692472934723,0
0,0.6451404690742493,1
0,0.6546304225921631,1
1,0.5396977066993713,1
0,0.6081486344337463,1
0,0.5902207493782043,1
1,0.49392199516296387,0
0,0.4371086359024048,0
0,0.555197536945343,1
0,0.6063694357872009,1
0,0.5371635556221008,1
1,0.5995227694511414,1
0,0.5837793350219727,1
1,0.4546479880809784,0
0,0.5591798424720764,1
1,0.5730607509613037,1
0,0.5804044008255005,1
0,0.4590875804424286,0
0,0.7013673186302185,1
0,0.5395232439041138,1
1,0.6135016679763794,1
0,0.5993553996086121,1
0,0.5887594223022461,1
0,0.4728538990020752,0
0,0.5970200896263123,1
0,0.5569664835929871,1
0,0.44183751940727234,0
0,0.5216337442398071,1
1,0.4491141140460968,0
0,0.5987242460250854,1
0,0.4709235727787018,0
1,0.5575828552246094,1
0,0.4780060648918152,0
0,0.6293210983276367,1
0,0.6198616027832031,1
1,0.5185869932174683,1
1,0.5115972757339478,1
1,0.4569268226623535,0
0,0.48480552434921265,0
1,0.5063920617103577,1
1,0.588814914226532,1
1,0.5088031888008118,1
0,0.6177369952201843,1
0,0.5801748037338257,1
0,0.4860675036907196,0
1,0.396647572517395,0
0,0.4396686553955078,0
1,0.43655863404273987,0
1,0.5485867857933044,1
0,0.640483021736145,1
0,0.5559240579605103,1
1,0.5354484915733337,1
0,0.4418505132198334,0
0,0.49359193444252014,0
1,0.4257809519767761,0
0,0.6171966195106506,1
1,0.5342519879341125,1
1,0.4911099672317505,0
1,0.5879067778587341,1
0,0.5768643617630005,1
1,0.5036517381668091,1
1,0.45082831382751465,0
0,0.5471256971359253,1
0,0.5642035603523254,1
0,0.5875495076179504,1
0,0.5734546184539795,1
0,0.4481249749660492,0
1,0.6489510536193848,1
0,0.5123206377029419,1
0,0.5789419412612915,1
1,0.4636877775192261,0
0,0.48560670018196106,0
1,0.603435218334198,1
0,0.6316174864768982,1
0,0.5159292221069336,1
0,0.5722264051437378,1
1,0.5761137008666992,1
1,0.5509747862815857,1
1,0.5078656077384949,1
1,0.4361199140548706,0
1,0.5541397333145142,1
1,0.5171699523925781,1
0,0.528393030166626,1
0,0.5084360241889954,1
0,0.47218284010887146,0
1,0.5102583765983582,1
1,0.37579044699668884,0
0,0.5982425212860107,1
0,0.44615140557289124,0
1,0.5289245247840881,1
0,0.574068546295166,1
0,0.589938223361969,1
0,0.5617383718490601,1
0,0.4226346015930176,0
0,0.4400460422039032,0
0,0.45442432165145874,0
1,0.48095446825027466,0
0,0.5520811080932617,1
0,0.5095548629760742,1
1,0.4634566903114319,0
0,0.5863186120986938,1
1,0.49311137199401855,0
1,0.5673792958259583,1
0,0.4572467505931854,0
1,0.49512284994125366,0
0,0.5854146480560303,1
0,0.5620755553245544,1
0,0.649892270565033,1
0,0.5523924827575684,1
1,0.36000463366508484,0
1,0.4306916296482086,0
1,0.47050389647483826,0
0,0.536358118057251,1
0,0.3684314489364624,0
1,0.3995330035686493,0
0,0.6766148209571838,1
1,0.5020830631256104,1
0,0.48421964049339294,0
0,0.5098024606704712,1
1,0.5411530137062073,1
0,0.6315412521362305,1
1,0.5714340806007385,1
1,0.4662073850631714,0
1,0.4703807830810547,0
1,0.5728859901428223,1
1,0.4355689287185669,0
1,0.5968459844589233,1
0,0.4889184534549713,0
1,0.4377764165401459,0
1,0.5176023244857788,1
1,0.518563449382782,1
0,0.5906786322593689,1
0,0.524240255355835,1
0,0.5758838653564453,1
1,0.4214353561401367,0
1,0.46909335255622864,0
1,0.5297490358352661,1
0,0.4203319251537323,0
1,0.5437125563621521,1
0,0.58336341381073,1
0,0.5600244998931885,1
0,0.5891816020011902,1
1,0.6461015939712524,1
0,0.5578327178955078,1
1,0.4809124767780304,0
1,0.46684154868125916,0
0,0.4904571771621704,0
0,0.4377322793006897,0
0,0.5870779752731323,1
0,0.5333367586135864,1
1,0.46750447154045105,0
0,0.46230459213256836,0
0,0.3867848515510559,0
0,0.4702456295490265,0
0,0.46742624044418335,0
1,0.40386977791786194,0
1,0.47457996010780334,0
0,0.538508415222168,1
0,0.4619394540786743,0
0,0.5384474992752075,1
0,0.5121471285820007,1
1,0.37391430139541626,0
0,0.4783487915992737,0
0,0.5540334582328796,1
1,0.5408045649528503,1
0,0.6032409071922302,1
0,0.49984803795814514,0
1,0.4876229465007782,0
0,0.43993815779685974,0
1,0.5371454954147339,1
1,0.5314231514930725,1
1,0.4618479609489441,0
0,0.5215149521827698,1
1,0.5834345817565918,1
1,0.5774349570274353,1
0,0.5347287058830261,1
0,0.5055391788482666,1
0,0.4663406312465668,0
1,0.5623896718025208,1
1,0.46884480118751526,0
0,0.5388125777244568,1
1,0.6119697093963623,1
1,0.6150344014167786,1
0,0.5007224082946777,1
0,0.6086207032203674,1
0,0.62786865234375,1
1,0.4956156611442566,0
1,0.5390065908432007,1
1,0.4764900803565979,0
0,0.6586430072784424,1
0,0.4991307556629181,0
0,0.4815789461135864,0
0,0.5173652768135071,1
0,0.5613720417022705,1
0,0.5243152379989624,1
1,0.5044423341751099,1
0,0.7019502520561218,1
0,0.5819713473320007,1
0,0.4303124248981476,0
1,0.580910861492157,1
1,0.5099093317985535,1
0,0.5618187189102173,1
1,0.6062543988227844,1
0,0.5269741415977478,1
0,0.6384766697883606,1
0,0.5795754194259644,1
1,0.48058798909187317,0
0,0.5091291069984436,1
0,0.46748557686805725,0
0,0.47141018509864807,0
0,0.6852195262908936,1
0,0.5229113698005676,1
0,0.6213219165802002,1
1,0.4093885123729706,0
0,0.6240525245666504,1
0,0.47632351517677307,0
0,0.5124934911727905,1
1,0.39779508113861084,0
0,0.525438129901886,1
1,0.5922818183898926,1
0,0.45566436648368835,0
0,0.5511559844017029,1
1,0.5389404296875,1
1,0.3414941430091858,0
1,0.41803961992263794,0
0,0.4484560489654541,0
1,0.4488504230976105,0
1,0.43153098225593567,0
1,0.5361159443855286,1
1,0.5195780992507935,1
1,0.5063759684562683,1
0,0.5639119744300842,1
1,0.5860047936439514,1
0,0.5797547101974487,1
0,0.4424320161342621,0
0,0.5361446738243103,1
0,0.47899651527404785,0
0,0.5728918313980103,1
0,0.5054998993873596,1
0,0.59479159116745,1
0,0.5423574447631836,1
1,0.4082612991333008,0
0,0.570469319820404,1
1,0.48615318536758423,0
1,0.4625602066516876,0
1,0.4604332447052002,0
0,0.5107283592224121,1
0,0.5695186257362366,1
0,0.43604958057403564,0
0,0.5772632956504822,1
0,0.5733599662780762,1
0,0.5439408421516418,1
0,0.5298349261283875,1
0,0.4905901551246643,0
0,0.5570181608200073,1
1,0.5360868573188782,1
1,0.5981894731521606,1
1,0.3665274679660797,0
0,0.3652888834476471,0
0,0.515362024307251,1
0,0.45295852422714233,0
1,0.5018192529678345,1
1,0.48270636796951294,0
1,0.4169783294200897,0
0,0.44716107845306396,0
0,0.6496392488479614,1
1,0.5710933208465576,1
1,0.525543749332428,1
0,0.5310118198394775,1
0,0.521830677986145,1
1,0.511056661605835,1
1,0.48077714443206787,0
1,0.38051679730415344,0
1,0.5158884525299072,1
0,0.6612671613693237,1
0,0.5190232396125793,1
0,0.5314223170280457,1
1,0.5939270853996277,1
1,0.569853663444519,1
1,0.5487601161003113,1
1,0.5091390013694763,1
0,0.6579775810241699,1
1,0.5360438227653503,1
0,0.46994516253471375,0
0,0.5865496397018433,1
0,0.4142252802848816,0
0,0.5202983617782593,1
0,0.5122911334037781,1
1,0.4731563925743103,0
0,0.4703013300895691,0
0,0.5363605618476868,1
0,0.6225927472114563,1
0,0.5275110006332397,1
0,0.5550553202629089,1
0,0.4118192195892334,0
0,0.555534303188324,1
0,0.5511500239372253,1
1,0.4593013525009155,0
0,0.5317461490631104,1
1,0.5904392004013062,1
0,0.5925994515419006,1
0,0.6234602928161621,1
1,0.5147690176963806,1
1,0.5337662696838379,1
0,0.5051697492599487,1
0,0.47809770703315735,0
1,0.4754910171031952,0
0,0.5326497554779053,1
0,0.43662333488464355,0
1,0.35472166538238525,0
0,0.5543914437294006,1
0,0.5734143853187561,1
0,0.5456234812736511,1
1,0.6230778694152832,1
0,0.552092969417572,1
1,0.5555262565612793,1
0,0.4405466616153717,0
0,0.547343909740448,1
0,0.6057470440864563,1
0,0.5025008320808411,1
0,0.6222517490386963,1
0,0.5520274043083191,1
0,0.5168461799621582,1
1,0.5946502089500427,1
0,0.548878014087677,1
0,0.4651268720626831,0
1,0.49393603205680847,0
1,0.5568411350250244,1
0,0.5696356296539307,1
0,0.560176432132721,1
1,0.5748029351234436,1
1,0.5824466347694397,1
0,0.584897518157959,1
0,0.4904966652393341,0
0,0.5107780694961548,1
0,0.5161764025688171,1
1,0.43380144238471985,0
1,0.4736153483390808,0
0,0.6242154240608215,1
1,0.471000611782074,0
0,0.5535290241241455,1
0,0.39299628138542175,0
1,0.4129573404788971,0
0,0.4259067177772522,0
1,0.4922873079776764,0
1,0.49681535363197327,0
0,0.5388185381889343,1
0,0.5641642808914185,1
1,0.4046846032142639,0
0,0.5338720083236694,1
1,0.5286194682121277,1
1,0.5215794444084167,1
0,0.5879761576652527,1
0,0.5252206325531006,1
1,0.559777557849884,1
0,0.3243924081325531,0
1,0.49182116985321045,0
0,0.57267165184021,1
1,0.5341841578483582,1
0,0.5675979852676392,1
0,0.6694393754005432,1
0,0.46611905097961426,0
1,0.5156105756759644,1
0,0.4081045687198639,0
1,0.4993036687374115,0
0,0.4639907479286194,0
1,0.41245660185813904,0
1,0.5908288955688477,1
1,0.39570343494415283,0
1,0.5195664167404175,1
1,0.49604666233062744,0
1,0.5212907195091248,1
1,0.5854967832565308,1
1,0.5548087954521179,1
0,0.6576350331306458,1
1,0.4684315323829651,0
1,0.4709136188030243,0
1,0.5502150058746338,1
1,0.5418761968612671,1
1,0.4797556400299072,0
0,0.5216493010520935,1
1,0.3795326054096222,0
0,0.5308640003204346,1
0,0.5937936305999756,1
0,0.4190608263015747,0
0,0.5490709543228149,1
0,0.4704437553882599,0
0,0.5192711353302002,1
0,0.5381112694740295,1
1,0.4828815162181854,0
0,0.5316858887672424,1
1,0.4924524128437042,0
0,0.5038297176361084,1
0,0.3832685351371765,0
1,0.40175116062164307,0
1,0.38413530588150024,0
0,0.6038816571235657,1
1,0.5495467782020569,1
0,0.5566527843475342,1
0,0.5183400511741638,1
0,0.552811324596405,1
0,0.5987339615821838,1
0,0.5512869358062744,1
0,0.41231170296669006,0
0,0.5150375962257385,1
0,0.4606836438179016,0
0,0.5069829821586609,1
1,0.5291088223457336,1
0,0.5884987115859985,1
1,0.45404112339019775,0
0,0.5331448912620544,1
1,0.426402747631073,0
1,0.5463998317718506,1
0,0.5308524966239929,1
0,0.49863705039024353,0
0,0.5938290953636169,1
0,0.5303398966789246,1
0,0.5188631415367126,1
1,0.5386213064193726,1
1,0.5345007181167603,1
1,0.42296379804611206,0
0,0.6159372925758362,1
0,0.49259957671165466,0
0,0.5586621165275574,1
0,0.5741189122200012,1
1,0.6121441721916199,1
0,0.5724090933799744,1
1,0.5625512599945068,1
0,0.5402462482452393,1
0,0.4348219335079193,0
0,0.6321172118186951,1
0,0.5155783891677856,1
0,0.5186598300933838,1
0,0.5068105459213257,1
0,0.5568516254425049,1
0,0.5650805830955505,1
0,0.5459676384925842,1
0,0.4922336935997009,0
0,0.4911963939666748,0
1,0.5573391318321228,1
0,0.5647315382957458,1
0,0.5530785918235779,1
0,0.6960935592651367,1
0,0.47603631019592285,0
1,0.5505613088607788,1
0,0.4552351236343384,0
1,0.49938613176345825,0
0,0.49304690957069397,0
0,0.48695600032806396,0
1,0.5737921595573425,1
1,0.5846872329711914,1
0,0.4416749179363251,0
0,0.5056915879249573,1
0,0.5621222257614136,1
1,0.3613874614238739,0
1,0.4341367781162262,0
0,0.5908246636390686,1
0,0.6024526357650757,1
1,0.5109223127365112,1
1,0.4844472408294678,0
0,0.5185942649841309,1
0,0.48855870962142944,0
1,0.46067607402801514,0
1,0.5178678035736084,1
0,0.5685884952545166,1
0,0.5298126339912415,1
0,0.45962274074554443,0
0,0.4312257170677185,0
1,0.5433695912361145,1
1,0.5850000381469727,1
0,0.4490901827812195,0
1,0.5336625576019287,1
1,0.49421530961990356,0
0,0.5459919571876526,1
0,0.5803554654121399,1
0,0.43334150314331055,0
1,0.44406598806381226,0
0,0.5915766954421997,1
1,0.36447638273239136,0
0,0.42591285705566406,0
1,0.3898252844810486,0
1,0.4217076301574707,0
0,0.5557683110237122,1
1,0.47453197836875916,0
1,0.552020788192749,1
1,0.5516694784164429,1
0,0.4766811430454254,0
0,0.464731365442276,0
1,0.44120556116104126,0
0,0.5907799601554871,1
0,0.5752175450325012,1
0,0.47638940811157227,0
0,0.43426036834716797,0
0,0.5669484734535217,1
0,0.5146917700767517,1
0,0.578694760799408,1
0,0.5691239237785339,1
0,0.6233708262443542,1
0,0.4414297044277191,0
0,0.3574182987213135,0
0,0.49805063009262085,0
1,0.518121600151062,1
0,0.6187151670455933,1
1,0.5714647769927979,1
0,0.5438487529754639,1
0,0.5879231691360474,1
1,0.47147104144096375,0
0,0.4598284661769867,0
1,0.5015731453895569,1
1,0.5462527275085449,1
1,0.5579525828361511,1
0,0.6081030964851379,1
0,0.5342379212379456,1
0,0.528764009475708,1
0,0.5401089787483215,1
0,0.5147588849067688,1
1,0.6066575050354004,1
0,0.5289061665534973,1
1,0.3944520950317383,0
0,0.47578150033950806,0
0,0.4764814078807831,0
1,0.5681243538856506,1
1,0.47283607721328735,0
0,0.6214753985404968,1
1,0.6727473735809326,1
0,0.5637611746788025,1
0,0.5724897980690002,1
1,0.5155863165855408,1
1,0.5199133157730103,1
0,0.490842342376709,0
0,0.5290451049804688,1
1,0.468309223651886,0
1,0.5636023879051208,1
1,0.521124005317688,1
0,0.46141624450683594,0
1,0.49037879705429077,0
1,0.6497372388839722,1
1,0.5457966327667236,1
0,0.5670140981674194,1
1,0.4620010554790497,0
1,0.5233233571052551,1
0,0.4104671776294708,0
0,0.5181227922439575,1
0,0.6313386559486389,1
1,0.47835707664489746,0
0,0.6640690565109253,1
0,0.4684443473815918,0
1,0.4517568349838257,0
0,0.5571459531784058,1
1,0.461689829826355,0
1,0.5912940502166748,1
0,0.5823886394500732,1
0,0.5884371399879456,1
0,0.48241907358169556,0
0,0.5451453924179077,1
1,0.5702062845230103,1
0,0.5635578632354736,1
1,0.43284136056900024,0
1,0.3251274526119232,0
0,0.6244300007820129,1
1,0.4830065667629242,0
0,0.511229932308197,1
0,0.4988839626312256,0
0,0.5076194405555725,1
0,0.42319613695144653,0
0,0.4936372637748718,0
1,0.5803463459014893,1
0,0.5898253917694092,1
0,0.4193439781665802,0
0,0.5559513568878174,1
1,0.5001941323280334,1
1,0.4133765995502472,0
0,0.5763394236564636,1
1,0.544456958770752,1
1,0.509609043598175,1
0,0.4938207268714905,0
0,0.4074789881706238,0
1,0.5983360409736633,1
0,0.4172239303588867,0
0,0.5253644585609436,1
1,0.4870993196964264,0
1,0.5962918996810913,1
1,0.44703519344329834,0
0,0.6009746789932251,1
0,0.6465833783149719,1
0,0.6008083820343018,1
0,0.5183776021003723,1
1,0.3708175718784332,0
0,0.44313669204711914,0
0,0.6208696961402893,1
0,0.6057635545730591,1
0,0.5230572819709778,1
1,0.5275734663009644,1
0,0.5085607171058655,1
0,0.5889619588851929,1
1,0.5093927383422852,1
0,0.4309481382369995,0
0,0.541774332523346,1
0,0.47607189416885376,0
1,0.49053505063056946,0
0,0.4378185570240021,0
1,0.513451337814331,1
0,0.4078425467014313,0
0,0.6510908603668213,1
0,0.38887259364128113,0
1,0.5245164036750793,1
1,0.5953166484832764,1
0,0.559813380241394,1
0,0.5322026014328003,1
0,0.42098701000213623,0
1,0.5991207957267761,1
1,0.4461832046508789,0
1,0.4769078195095062,0
0,0.5543983578681946,1
1,0.4490443468093872,0
0,0.685512900352478,1
0,0.5398038625717163,1
0,0.5359570384025574,1
0,0.43831121921539307,0
0,0.606225311756134,1
0,0.524209201335907,1
0,0.4609338939189911,0
0,0.5649706125259399,1
0,0.47628119587898254,0
1,0.4862142503261566,0
0,0.5256505608558655,1
0,0.45171210169792175,0
1,0.4766487777233124,0
0,0.5062635540962219,1
0,0.4322960078716278,0
1,0.4562474489212036,0
0,0.5693093538284302,1
1,0.5322485566139221,1
0,0.5673235058784485,1
0,0.4848701059818268,0
0,0.49207282066345215,0
1,0.5466123819351196,1
0,0.5885776281356812,1
0,0.5781170725822449,1
1,0.5405949354171753,1
1,0.5096977949142456,1
1,0.5222888588905334,1
0,0.428693562746048,0
1,0.43083763122558594,0
0,0.6692898273468018,1
1,0.5152941346168518,1
0,0.6220430135726929,1
0,0.5362018942832947,1
1,0.583709180355072,1
0,0.5035356879234314,1
0,0.5299937725067139,1
1,0.49854984879493713,0
1,0.5067088007926941,1
1,0.4549061954021454,0
0,0.45374295115470886,0
1,0.5083679556846619,1
1,0.48564228415489197,0
1,0.5454970598220825,1
0,0.574153482913971,1
0,0.5123453140258789,1
0,0.5773569941520691,1
1,0.4960150420665741,0
1,0.5544226765632629,1
0,0.5537487268447876,1
0,0.501442551612854,1
0,0.5832169055938721,1
0,0.5892151594161987,1
0,0.4993158280849457,0
0,0.5893198251724243,1
0,0.5374132990837097,1
0,0.5868202447891235,1
1,0.4560658931732178,0
1,0.5081045031547546,1
1,0.5403029918670654,1
0,0.5652801394462585,1
0,0.4210125505924225,0
0,0.498370498418808,0
0,0.522053599357605,1
0,0.49104592204093933,0
0,0.4702513515949249,0
1,0.5588364005088806,1
0,0.42668697237968445,0
0,0.45107775926589966,0
0,0.4799761474132538,0
0,0.5281551480293274,1
0,0.5119500160217285,1
0,0.5932570695877075,1
0,0.483146071434021,0
0,0.5637990832328796,1
0,0.5330283641815186,1
1,0.4697495698928833,0
1,0.6545196771621704,1
0,0.5442308783531189,1
1,0.5710858702659607,1
0,0.588594913482666,1
0,0.40584224462509155,0
1,0.5366442203521729,1
0,0.3970547914505005,0
0,0.5010384321212769,1
0,0.6447493433952332,1
