epoch,train_loss,train_accuracy,train_f1,train_precision,train_recall
1,0.23447670393316922,0.9076953948028494,0.893653912842446,0.9034708425850181,0.8840480274442538
2,0.18985332886174008,0.9377445570382261,0.9268666391655371,0.9562256809338522,0.8992567181246427
3,0.18750702234159097,0.9421591251128725,0.9313404394688263,0.9716699801192843,0.8942252715837622
4,0.18791113126249365,0.9443664091501957,0.9344833697642819,0.9666340747983379,0.9044025157232705
5,0.1883750589060555,0.9461723688170964,0.9366849589897916,0.9676908071202146,0.9076043453401944
6,0.18911438520255897,0.9465736931875188,0.9370381318356489,0.9700122399020807,0.906232132647227
7,0.18971357383569093,0.9461723688170964,0.9364072778996029,0.9719488188976378,0.9033733562035449
8,0.19037767925353638,0.9462225343633992,0.936387372418704,0.9732330085111632,0.902229845626072
9,0.19073582800690206,0.947025183104244,0.9375369691233881,0.9710819752481313,0.906232132647227
