alpha,penalty,learning_rate,eta0,class_weight,train_accuracy,val_accuracy,val_f1,gap
0.0001,l1,optimal,0.01,None,0.8508465011286682,0.7881662149954833,0.7152398299939283,0.06268028613318488
0.0001,l1,optimal,0.01,balanced,0.8548532731376975,0.7958446251129178,0.7347417840375586,0.059008648024779786
0.0001,l1,constant,0.01,None,0.82127539503386,0.7764227642276422,0.6927374301675978,0.04485263080621782
0.0001,l1,constant,0.01,balanced,0.8305304740406321,0.7841011743450768,0.7240184757505773,0.046429299695555315
0.0001,l1,constant,0.1,None,0.849548532731377,0.7981029810298103,0.7295825771324864,0.05144555170156673
0.0001,l1,constant,0.1,balanced,0.8526523702031603,0.7994579945799458,0.7474402730375427,0.053194375623214496
0.0001,l1,invscaling,0.01,None,0.7147855530474041,0.7068654019873533,0.6040268456375839,0.00792015106005084
0.0001,l1,invscaling,0.01,balanced,0.7161399548532731,0.6869918699186992,0.6735751295336787,0.02914808493457388
0.0001,l1,invscaling,0.1,None,0.7379796839729119,0.7213188798554652,0.6230910201588271,0.016660804117446748
0.0001,l1,invscaling,0.1,balanced,0.7471218961625282,0.7222222222222222,0.6889226100151745,0.02489967394030601
0.0001,l2,optimal,0.01,None,0.8865124153498871,0.8175248419150858,0.7648428405122235,0.06898757343480133
0.0001,l2,optimal,0.01,balanced,0.8891083521444695,0.8152664859981933,0.7726514730405781,0.07384186614627619
0.0001,l2,constant,0.01,None,0.8591422121896163,0.8021680216802168,0.7392857142857143,0.05697419050939945
0.0001,l2,constant,0.01,balanced,0.8683972911963883,0.7985546522131888,0.7511160714285714,0.06984263898319953
0.0001,l2,constant,0.1,None,0.8806433408577878,0.8107497741644083,0.7571014492753623,0.06989356669337954
0.0001,l2,constant,0.1,balanced,0.8853837471783296,0.8080397470641373,0.7653230259525124,0.07734400011419229
0.0001,l2,invscaling,0.01,None,0.7273702031602709,0.7145438121047877,0.6220095693779905,0.012826391055483222
0.0001,l2,invscaling,0.01,balanced,0.7146726862302483,0.6775067750677507,0.6703601108033241,0.03716591116249757
0.0001,l2,invscaling,0.1,None,0.756038374717833,0.7326106594399278,0.6480380499405469,0.023427715277905214
0.0001,l2,invscaling,0.1,balanced,0.7628668171557562,0.7204155374887082,0.6946225949679329,0.04245127966704798
0.0001,elasticnet,optimal,0.01,None,0.8807562076749436,0.8121047877145439,0.7581395348837209,0.0686514199603997
0.0001,elasticnet,optimal,0.01,balanced,0.8857787810383747,0.8125564588979223,0.7667228780213603,0.07322232214045243
0.0001,elasticnet,constant,0.01,None,0.8536117381489842,0.7981029810298103,0.7324955116696589,0.05550875711917391
0.0001,elasticnet,constant,0.01,balanced,0.8644469525959368,0.7990063233965673,0.7504206393718452,0.06544062919936955
0.0001,elasticnet,constant,0.1,None,0.8794018058690745,0.8125564588979223,0.7580174927113703,0.06684534697115219
0.0001,elasticnet,constant,0.1,balanced,0.8848194130925507,0.8116531165311653,0.7687188019966722,0.0731662965613854
0.0001,elasticnet,invscaling,0.01,None,0.725507900677201,0.7122854561878952,0.617876424715057,0.013222444489305762
0.0001,elasticnet,invscaling,0.01,balanced,0.7153498871331828,0.6797651309846432,0.6719111522443313,0.03558475614853962
0.0001,elasticnet,invscaling,0.1,None,0.753668171557562,0.7308039747064138,0.6448152562574494,0.022864196851148266
0.0001,elasticnet,invscaling,0.1,balanced,0.7611738148984198,0.7226738934056007,0.696039603960396,0.03849992149281911
0.001,l1,optimal,0.01,None,0.6891647855530474,0.6815718157181572,0.4671201814058957,0.0075929698348902175
0.001,l1,optimal,0.01,balanced,0.6932279909706546,0.6811201445347786,0.5373525557011796,0.012107846435875924
0.001,l1,constant,0.01,None,0.6869638826185102,0.6815718157181572,0.4671201814058957,0.0053920669003529875
0.001,l1,constant,0.01,balanced,0.6953160270880361,0.6869918699186992,0.5520361990950227,0.008324157169336877
0.001,l1,constant,0.1,None,0.688882618510158,0.6802168021680217,0.4660633484162896,0.008665816342136257
0.001,l1,constant,0.1,balanced,0.6938487584650113,0.6851851851851852,0.5447419986936642,0.008663573279826031
0.001,l1,invscaling,0.01,None,0.6605530474040632,0.6526648599819331,0.46186144156752973,0.007888187422130044
0.001,l1,invscaling,0.01,balanced,0.552313769751693,0.5519421860885275,0.6339483394833948,0.00037158366316547564
0.001,l1,invscaling,0.1,None,0.666196388261851,0.6562782294489612,0.46596491228070175,0.009918158812889821
0.001,l1,invscaling,0.1,balanced,0.6844808126410835,0.6820234869015357,0.5733333333333334,0.002457325739547822
0.001,l2,optimal,0.01,None,0.7946388261851016,0.7579042457091237,0.6594663278271918,0.036734580475977885
0.001,l2,optimal,0.01,balanced,0.8244920993227991,0.7737127371273713,0.7158252977878616,0.05077936219542778
0.001,l2,constant,0.01,None,0.7952031602708803,0.7556458897922312,0.6551943913320586,0.0395572704786491
0.001,l2,constant,0.01,balanced,0.8237020316027088,0.7728093947606143,0.7159796725014116,0.05089263684209455
0.001,l2,constant,0.1,None,0.7952595936794582,0.7502258355916892,0.6596923076923077,0.045033758087768994
0.001,l2,constant,0.1,balanced,0.8122460496613996,0.7642276422764228,0.7147540983606557,0.04801840738497676
0.001,l2,invscaling,0.01,None,0.7272573363431152,0.7145438121047877,0.6220095693779905,0.0127135242383275
0.001,l2,invscaling,0.01,balanced,0.7146726862302483,0.6775067750677507,0.6703601108033241,0.03716591116249757
0.001,l2,invscaling,0.1,None,0.7538939051918736,0.7294489611562782,0.6406718656268746,0.024444944035595384
0.001,l2,invscaling,0.1,balanced,0.760158013544018,0.7204155374887082,0.6949236076885165,0.03974247605530978
0.001,elasticnet,optimal,0.01,None,0.7518058690744921,0.7348690153568203,0.6099667774086379,0.01693685371767184
0.001,elasticnet,optimal,0.01,balanced,0.7693002257336343,0.7420957542908763,0.6654950205038078,0.02720447144275806
0.001,elasticnet,constant,0.01,None,0.7549097065462754,0.7339656729900632,0.6075949367088608,0.020944033556212216
0.001,elasticnet,constant,0.01,balanced,0.7757336343115124,0.7434507678410117,0.6678362573099416,0.032282866470500715
0.001,elasticnet,constant,0.1,None,0.7576185101580135,0.7299006323396567,0.6238993710691824,0.027717877818356773
0.001,elasticnet,constant,0.1,balanced,0.769920993227991,0.7375790424570913,0.6689458689458689,0.03234195077089974
0.001,elasticnet,invscaling,0.01,None,0.7088600451467268,0.7023486901535682,0.5924551638837353,0.006511354993158691
0.001,elasticnet,invscaling,0.01,balanced,0.7159142212189616,0.6878952122854561,0.6698518872431916,0.028019008933505507
0.001,elasticnet,invscaling,0.1,None,0.7267494356659142,0.7149954832881662,0.6083178150217257,0.011753952377748011
0.001,elasticnet,invscaling,0.1,balanced,0.7365124153498871,0.7199638663053297,0.6820512820512821,0.01654854904455738
0.01,l1,optimal,0.01,None,0.5827313769751693,0.5808491418247516,0.09727626459143969,0.0018822351504177437
0.01,l1,optimal,0.01,balanced,0.4386568848758465,0.43902439024390244,0.6101694915254238,-0.0003675053680559648
0.01,l1,constant,0.01,None,0.5827313769751693,0.5808491418247516,0.09727626459143969,0.0018822351504177437
0.01,l1,constant,0.01,balanced,0.5827313769751693,0.5808491418247516,0.09727626459143969,0.0018822351504177437
0.01,l1,constant,0.1,None,0.5827313769751693,0.5808491418247516,0.09727626459143969,0.0018822351504177437
0.01,l1,constant,0.1,balanced,0.5827313769751693,0.5808491418247516,0.09727626459143969,0.0018822351504177437
0.01,l1,invscaling,0.01,None,0.5813769751693002,0.5799457994579946,0.0935672514619883,0.0014311757113055767
0.01,l1,invscaling,0.01,balanced,0.4386568848758465,0.43902439024390244,0.6101694915254238,-0.0003675053680559648
0.01,l1,invscaling,0.1,None,0.5827313769751693,0.5808491418247516,0.09727626459143969,0.0018822351504177437
0.01,l1,invscaling,0.1,balanced,0.4386568848758465,0.43902439024390244,0.6101694915254238,-0.0003675053680559648
0.01,l2,optimal,0.01,None,0.6980812641083521,0.6806684733514001,0.47668393782383417,0.017412790756952012
0.01,l2,optimal,0.01,balanced,0.7610609480812641,0.7303523035230353,0.6875981161695447,0.03070864455822886
0.01,l2,constant,0.01,None,0.6794582392776524,0.6598915989159891,0.4130943102104443,0.019566640361663223
0.01,l2,constant,0.01,balanced,0.7496613995485327,0.7299006323396567,0.6578947368421053,0.019760767208875984
0.01,l2,constant,0.1,None,0.6740406320541761,0.6589882565492322,0.4679351656095842,0.015052375504943871
0.01,l2,constant,0.1,balanced,0.6993792325056434,0.6806684733514001,0.63003663003663,0.01871075915424325
0.01,l2,invscaling,0.01,None,0.7266365688487585,0.7113821138211383,0.6162162162162163,0.01525445502762024
0.01,l2,invscaling,0.01,balanced,0.7146162528216704,0.6775067750677507,0.6703601108033241,0.037109477753919706
0.01,l2,invscaling,0.1,None,0.7371896162528216,0.7149954832881662,0.6068535825545172,0.022194132964655444
0.01,l2,invscaling,0.1,balanced,0.748589164785553,0.7140921409214093,0.6898579127878491,0.03449702386414377
0.01,elasticnet,optimal,0.01,None,0.6162528216704289,0.6124661246612466,0.285,0.003786697009182327
0.01,elasticnet,optimal,0.01,balanced,0.662076749435666,0.6540198735320687,0.47534246575342465,0.008056875903597271
0.01,elasticnet,constant,0.01,None,0.6125846501128668,0.6065943992773261,0.26248941574936496,0.0059902508355407225
0.01,elasticnet,constant,0.01,balanced,0.6660835214446953,0.6580849141824752,0.4888588791357191,0.007998607262220125
0.01,elasticnet,constant,0.1,None,0.6193002257336343,0.6138211382113821,0.3088116410670978,0.005479087522252235
0.01,elasticnet,constant,0.1,balanced,0.6530474040632054,0.6476964769647696,0.4,0.005350927098435765
0.01,elasticnet,invscaling,0.01,None,0.6422121896162528,0.6404697380307136,0.4198250728862974,0.0017424515855392064
0.01,elasticnet,invscaling,0.01,balanced,0.5247178329571106,0.523486901535682,0.6241539009618811,0.001230931421428605
0.01,elasticnet,invscaling,0.1,None,0.641647855530474,0.6373080397470642,0.4091243561442237,0.004339815783409806
0.01,elasticnet,invscaling,0.1,balanced,0.6744920993227991,0.6684733514001807,0.513262599469496,0.0060187479226183616
0.1,l1,optimal,0.01,None,0.5613431151241535,0.5609756097560976,0.0,0.00036750536805585376
0.1,l1,optimal,0.01,balanced,0.4386568848758465,0.43902439024390244,0.6101694915254238,-0.0003675053680559648
0.1,l1,constant,0.01,None,0.5613431151241535,0.5609756097560976,0.0,0.00036750536805585376
0.1,l1,constant,0.01,balanced,0.4386568848758465,0.43902439024390244,0.6101694915254238,-0.0003675053680559648
0.1,l1,constant,0.1,None,0.5613431151241535,0.5609756097560976,0.0,0.00036750536805585376
0.1,l1,constant,0.1,balanced,0.5613431151241535,0.5609756097560976,0.0,0.00036750536805585376
0.1,l1,invscaling,0.01,None,0.5613431151241535,0.5609756097560976,0.0,0.00036750536805585376
0.1,l1,invscaling,0.01,balanced,0.4386568848758465,0.43902439024390244,0.6101694915254238,-0.0003675053680559648
0.1,l1,invscaling,0.1,None,0.5613431151241535,0.5609756097560976,0.0,0.00036750536805585376
0.1,l1,invscaling,0.1,balanced,0.4386568848758465,0.43902439024390244,0.6101694915254238,-0.0003675053680559648
0.1,l2,optimal,0.01,None,0.6477990970654628,0.6418247515808492,0.3526530612244898,0.005974345484613619
0.1,l2,optimal,0.01,balanced,0.5713882618510158,0.5654923215898826,0.6486486486486487,0.005895940261133159
0.1,l2,constant,0.01,None,0.5760722347629796,0.5745257452574526,0.059880239520958084,0.0015464895055270489
0.1,l2,constant,0.01,balanced,0.7012979683972912,0.6937669376693767,0.5830258302583026,0.007531030727914501
0.1,l2,constant,0.1,None,0.5755079006772009,0.575880758807588,0.07305034550839092,-0.00037285813038712146
0.1,l2,constant,0.1,balanced,0.643510158013544,0.6476964769647696,0.4743935309973046,-0.004186318951225565
0.1,l2,invscaling,0.01,None,0.7213882618510158,0.7091237579042458,0.6014851485148515,0.012264503946770033
0.1,l2,invscaling,0.01,balanced,0.7134875846501129,0.6788617886178862,0.6715935334872979,0.03462579603222671
0.1,l2,invscaling,0.1,None,0.6492663656884876,0.6427280939476061,0.3563873067534581,0.006538271740881507
0.1,l2,invscaling,0.1,balanced,0.7293453724604966,0.7009936766034327,0.6798839458413927,0.028351695857063874
0.1,elasticnet,optimal,0.01,None,0.5613431151241535,0.5609756097560976,0.0,0.00036750536805585376
0.1,elasticnet,optimal,0.01,balanced,0.4386568848758465,0.43902439024390244,0.6101694915254238,-0.0003675053680559648
0.1,elasticnet,constant,0.01,None,0.5613431151241535,0.5609756097560976,0.0,0.00036750536805585376
0.1,elasticnet,constant,0.01,balanced,0.4386568848758465,0.43902439024390244,0.6101694915254238,-0.0003675053680559648
0.1,elasticnet,constant,0.1,None,0.5613431151241535,0.5609756097560976,0.0,0.00036750536805585376
0.1,elasticnet,constant,0.1,balanced,0.5613431151241535,0.5609756097560976,0.0,0.00036750536805585376
0.1,elasticnet,invscaling,0.01,None,0.5613431151241535,0.5609756097560976,0.0,0.00036750536805585376
0.1,elasticnet,invscaling,0.01,balanced,0.4386568848758465,0.43902439024390244,0.6101694915254238,-0.0003675053680559648
0.1,elasticnet,invscaling,0.1,None,0.5613431151241535,0.5609756097560976,0.0,0.00036750536805585376
0.1,elasticnet,invscaling,0.1,balanced,0.4386568848758465,0.43902439024390244,0.6101694915254238,-0.0003675053680559648
